2019-09-20 06:00:35.635,0XFToWYIDpGw813B_7xv6OhrSALXxxdy,shops_ranking,app_page_view,,
2019-09-20 06:00:37.790,n8tIdOezWcf-jtTLc2SES_h8FgGcFpRF,goods_search_result/남방,app_page_view,,
2019-09-20 06:00:40.578,6OUwcnzrZ5pPJZ4y_VbasWbFxXEjEDiE,shops_ranking,app_page_view,,
2019-09-20 06:00:44.369,adBD3fP3AH7xWXOMNJmsT9D4kN0xJHKA,shops_ranking,app_page_view,,
2019-09-20 06:00:44.620,ga_g0_b4WpumN67YLRGJOdOIeCpWY4Yv,category_search_result/스커트,app_page_view,,
2019-09-20 06:00:46.351,ga_g0_b4WpumN67YLRGJOdOIeCpWY4Yv,category_search_result/원피스,app_page_view,,
2019-09-20 06:00:47.645,0XFToWYIDpGw813B_7xv6OhrSALXxxdy,my_goods,app_page_view,,
2019-09-20 06:00:57.053,n8tIdOezWcf-jtTLc2SES_h8FgGcFpRF,goods_search_result/남방,enter_browser,3867,120
2019-09-20 06:00:59.392,d6DlKee8OT0O0XftIpP4elMg-GIISL_h,shops_ranking,app_page_view,,
2019-09-20 06:01:04.941,0XFToWYIDpGw813B_7xv6OhrSALXxxdy,goods_search_result/크림팬츠,app_page_view,,
2019-09-20 06:01:11.654,qwoCM4f0telpYhdYjoLw5bf8QYVUSvno,shops_bookmark,app_page_view,,
2019-09-20 06:01:12.047,9lZDhODc4r_ucwjMFClncpezaaqmH8SF,my_goods,app_page_view,,
2019-09-20 06:01:30.611,miJ57lWEKzIzdtfygPTReqU-_M0Dr-po,shops_ranking,app_page_view,,
2019-09-20 06:01:31.153,miJ57lWEKzIzdtfygPTReqU-_M0Dr-po,shops_bookmark,app_page_view,,
2019-09-20 06:01:32.256,miJ57lWEKzIzdtfygPTReqU-_M0Dr-po,my_goods,app_page_view,,
2019-09-20 06:01:33.937,miJ57lWEKzIzdtfygPTReqU-_M0Dr-po,my_goods,enter_browser,6477,77
2019-09-20 06:01:34.873,9lZDhODc4r_ucwjMFClncpezaaqmH8SF,my_goods,app_page_view,,
2019-09-20 06:01:47.897,mT7W0kv5Q9AT9_cQ5QciqJ11ll3mBPBD,shops_ranking,app_page_view,,
2019-09-20 06:01:50.671,mT7W0kv5Q9AT9_cQ5QciqJ11ll3mBPBD,shops_bookmark,app_page_view,,
2019-09-20 06:01:58.522,9M9eEEZGHXrLOKKCCrqhE9DQXWhi56Ww,shops_ranking,app_page_view,,
2019-09-20 06:02:02.026,qwoCM4f0telpYhdYjoLw5bf8QYVUSvno,shops_bookmark,app_page_view,,
2019-09-20 06:02:16.013,miJ57lWEKzIzdtfygPTReqU-_M0Dr-po,my_goods,app_page_view,,
2019-09-20 06:02:16.665,yb5jatHHC_5GTzoJRUkJNBe3I_aSe9fj,shops_bookmark,app_page_view,,
2019-09-20 06:02:19.424,ga_g0_b4WpumN67YLRGJOdOIeCpWY4Yv,category_search_result/바지,app_page_view,,
2019-09-20 06:02:22.762,miJ57lWEKzIzdtfygPTReqU-_M0Dr-po,shops_bookmark,app_page_view,,
2019-09-20 06:02:44.726,GrFdbI0d9sgqAYfy7Tr6RTDhc2hJjfyA,my_goods,app_page_view,,
2019-09-20 06:02:45.013,CGSIXbcYwquEonUKqkKwdI5HHXgFIOHf,category_search_result/상의,app_page_view,,
2019-09-20 06:03:10.818,CGSIXbcYwquEonUKqkKwdI5HHXgFIOHf,shops_ranking,app_page_view,,
2019-09-20 06:03:15.099,GrFdbI0d9sgqAYfy7Tr6RTDhc2hJjfyA,shops_bookmark,app_page_view,,
2019-09-20 06:03:22.235,d6DlKee8OT0O0XftIpP4elMg-GIISL_h,shops_bookmark,app_page_view,,
2019-09-20 06:03:22.496,Q83gpNO564eQXQdKVIf37gr9JHsMtTBS,goods_search_result/단추 원피스,app_page_view,,
2019-09-20 06:03:27.662,1WvmJ2K50lVupBdV8NDihwOabfqF9oTz,my_goods,enter_browser,5240,60
2019-09-20 06:03:32.218,wkyX_ZLiFhEdc3g4yv9_24OHxoaxCxFH,shops_bookmark,app_page_view,,
2019-09-20 06:03:33.287,Q83gpNO564eQXQdKVIf37gr9JHsMtTBS,goods_search_result/단추 원피스,enter_browser,3672,191
2019-09-20 06:03:38.180,miJ57lWEKzIzdtfygPTReqU-_M0Dr-po,shops_ranking,app_page_view,,
2019-09-20 06:03:38.513,miJ57lWEKzIzdtfygPTReqU-_M0Dr-po,my_goods,app_page_view,,
2019-09-20 06:03:38.711,n8tIdOezWcf-jtTLc2SES_h8FgGcFpRF,goods_search_result/남방,app_page_view,,
2019-09-20 06:03:40.190,miJ57lWEKzIzdtfygPTReqU-_M0Dr-po,my_goods,enter_browser,6477,77
2019-09-20 06:03:44.438,wkyX_ZLiFhEdc3g4yv9_24OHxoaxCxFH,shops_bookmark,app_page_view,,
2019-09-20 06:03:44.942,66foqfcs5FrxMa6inXSOI-TxX_Xl0MOJ,shops_bookmark,enter_browser,,41
2019-09-20 06:04:14.454,miJ57lWEKzIzdtfygPTReqU-_M0Dr-po,my_goods,enter_browser,6477,77
2019-09-20 06:04:16.911,8umiy8MS694VGJ_Pj9HtpuFaLcGea6Sk,goods_search_result/단가라티,app_page_view,,
2019-09-20 06:04:18.933,vnwNAeFZwfKXl3gjvQoc8jlYRnAkJtUx,shops_bookmark,app_page_view,,
2019-09-20 06:04:21.475,AMeHwnaJLStwcx30z1aoadE68K7ntTKB,shops_ranking,app_page_view,,
2019-09-20 06:04:22.412,hCWiqbhN7pI5fJ5PADWQ88uP-5rsMdbm,my_goods,app_page_view,,
2019-09-20 06:04:25.295,vnwNAeFZwfKXl3gjvQoc8jlYRnAkJtUx,shops_bookmark,app_page_view,,
2019-09-20 06:04:34.534,mT7W0kv5Q9AT9_cQ5QciqJ11ll3mBPBD,shops_bookmark,enter_browser,5222,185
2019-09-20 06:04:41.706,AMeHwnaJLStwcx30z1aoadE68K7ntTKB,shops_ranking,app_page_view,,
2019-09-20 06:04:47.573,n8tIdOezWcf-jtTLc2SES_h8FgGcFpRF,goods_search_result/블라우스,app_page_view,,
2019-09-20 06:04:49.811,UsaxEkJ513kIIim2uH3rjnMjzeHmdw3G,shops_bookmark,app_page_view,,
2019-09-20 06:04:56.377,wkyX_ZLiFhEdc3g4yv9_24OHxoaxCxFH,shops_bookmark,app_page_view,,
2019-09-20 06:04:56.992,miJ57lWEKzIzdtfygPTReqU-_M0Dr-po,my_goods,app_page_view,,
2019-09-20 06:04:58.768,mT7W0kv5Q9AT9_cQ5QciqJ11ll3mBPBD,shops_bookmark,app_page_view,,
2019-09-20 06:05:00.296,miJ57lWEKzIzdtfygPTReqU-_M0Dr-po,my_goods,enter_browser,6477,77
2019-09-20 06:05:07.729,ga_g0_b4WpumN67YLRGJOdOIeCpWY4Yv,category_search_result/바지,enter_browser,5240,60
2019-09-20 06:05:22.233,WfGOtTntK6KWIC6lN-ZKUf7yF5_a_R8J,my_goods,enter_browser,2888,193
2019-09-20 06:05:22.945,n8tIdOezWcf-jtTLc2SES_h8FgGcFpRF,goods_search_result/시밀러,app_page_view,,
2019-09-20 06:05:24.101,0XFToWYIDpGw813B_7xv6OhrSALXxxdy,goods_search_result/크림팬츠,app_page_view,,
2019-09-20 06:05:25.109,UsaxEkJ513kIIim2uH3rjnMjzeHmdw3G,shops_bookmark,app_page_view,,
2019-09-20 06:05:26.278,n8tIdOezWcf-jtTLc2SES_h8FgGcFpRF,goods_search_result/스퀘어,app_page_view,,
2019-09-20 06:05:26.519,ZEwQ-UMm0ob_DFf68kmfup4jSanCDIGY,shops_ranking,app_page_view,,
2019-09-20 06:05:30.458,jq8zgP0asUWClwzLKs0H3RM3l7WGoNLE,shops_ranking,app_page_view,,
2019-09-20 06:05:33.471,sPCGS_aGrse3Y8V0gLOh9XXR1ZMKNUPr,shops_bookmark,app_page_view,,
2019-09-20 06:05:35.190,mT7W0kv5Q9AT9_cQ5QciqJ11ll3mBPBD,shops_bookmark,enter_browser,4459,185
2019-09-20 06:05:36.151,mT7W0kv5Q9AT9_cQ5QciqJ11ll3mBPBD,shops_bookmark,enter_browser,4459,185
2019-09-20 06:05:37.536,n8tIdOezWcf-jtTLc2SES_h8FgGcFpRF,goods_search_result/베이직,app_page_view,,
2019-09-20 06:05:37.627,UsaxEkJ513kIIim2uH3rjnMjzeHmdw3G,shops_bookmark,app_page_view,,
2019-09-20 06:05:46.838,jq8zgP0asUWClwzLKs0H3RM3l7WGoNLE,shops_bookmark,app_page_view,,
2019-09-20 06:05:47.966,mT7W0kv5Q9AT9_cQ5QciqJ11ll3mBPBD,shops_bookmark,add_my_goods,4459,185
2019-09-20 06:05:52.516,mT7W0kv5Q9AT9_cQ5QciqJ11ll3mBPBD,shops_bookmark,app_page_view,,
2019-09-20 06:05:55.384,qMmfx4Mi0Gn-nwfefxc-mTwoR4AhnoAc,shops_bookmark,app_page_view,,
2019-09-20 06:06:02.766,UsaxEkJ513kIIim2uH3rjnMjzeHmdw3G,my_goods,app_page_view,,
2019-09-20 06:06:06.562,hCWiqbhN7pI5fJ5PADWQ88uP-5rsMdbm,shops_bookmark,app_page_view,,
2019-09-20 06:06:08.307,UsaxEkJ513kIIim2uH3rjnMjzeHmdw3G,my_goods,enter_browser,2496,77
2019-09-20 06:06:09.951,mT7W0kv5Q9AT9_cQ5QciqJ11ll3mBPBD,shops_bookmark,app_page_view,,
2019-09-20 06:06:11.042,jq8zgP0asUWClwzLKs0H3RM3l7WGoNLE,my_goods,app_page_view,,
2019-09-20 06:06:12.255,mT7W0kv5Q9AT9_cQ5QciqJ11ll3mBPBD,my_goods,app_page_view,,
2019-09-20 06:06:12.328,7kuUf4hbMygxVrROBrD1mJB_xFPWQPSq,shops_bookmark,app_page_view,,
2019-09-20 06:06:14.471,0XFToWYIDpGw813B_7xv6OhrSALXxxdy,my_goods,app_page_view,,
2019-09-20 06:06:17.864,6OUwcnzrZ5pPJZ4y_VbasWbFxXEjEDiE,shops_ranking,app_page_view,,
2019-09-20 06:06:18.475,jq8zgP0asUWClwzLKs0H3RM3l7WGoNLE,shops_bookmark,app_page_view,,
2019-09-20 06:06:22.901,6OUwcnzrZ5pPJZ4y_VbasWbFxXEjEDiE,shops_ranking,app_page_view,,
2019-09-20 06:06:24.608,7kuUf4hbMygxVrROBrD1mJB_xFPWQPSq,shops_bookmark,app_page_view,,
2019-09-20 06:06:26.964,AMeHwnaJLStwcx30z1aoadE68K7ntTKB,shops_ranking,app_page_view,,
2019-09-20 06:06:36.704,az0TriRoPMkOomMju2kw_LJmYi4V0BZF,shops_bookmark,app_page_view,,
2019-09-20 06:06:40.280,cOKDJo4JM0F9dnxd02jaRWoQWlthoWWu,shops_ranking,app_page_view,,
2019-09-20 06:06:43.730,d6DlKee8OT0O0XftIpP4elMg-GIISL_h,shops_bookmark,app_page_view,,
2019-09-20 06:06:49.685,d6DlKee8OT0O0XftIpP4elMg-GIISL_h,my_goods,app_page_view,,
2019-09-20 06:06:51.521,UsaxEkJ513kIIim2uH3rjnMjzeHmdw3G,my_goods,app_page_view,,
2019-09-20 06:06:52.898,UsaxEkJ513kIIim2uH3rjnMjzeHmdw3G,my_goods,enter_browser,2841,77
2019-09-20 06:06:55.794,ckchI4a1eFFryJ0N1vY-QjeP-wuX1b7I,shops_bookmark,app_page_view,,
2019-09-20 06:07:06.920,6OUwcnzrZ5pPJZ4y_VbasWbFxXEjEDiE,shops_ranking,app_page_view,,
2019-09-20 06:07:09.438,mT7W0kv5Q9AT9_cQ5QciqJ11ll3mBPBD,my_goods,enter_browser,530,185
2019-09-20 06:07:13.270,6OUwcnzrZ5pPJZ4y_VbasWbFxXEjEDiE,shops_ranking,enter_browser,4544,50
2019-09-20 06:07:16.256,az0TriRoPMkOomMju2kw_LJmYi4V0BZF,shops_bookmark,app_page_view,,
2019-09-20 06:07:28.334,0kWYTXVESpS19o-n0orNiH80G2YeAm4f,my_goods,app_page_view,,
2019-09-20 06:07:33.988,mT7W0kv5Q9AT9_cQ5QciqJ11ll3mBPBD,my_goods,app_page_view,,
2019-09-20 06:07:37.382,WfGOtTntK6KWIC6lN-ZKUf7yF5_a_R8J,my_goods,app_page_view,,
2019-09-20 06:07:44.925,WfGOtTntK6KWIC6lN-ZKUf7yF5_a_R8J,category_search_result/상의,app_page_view,,
2019-09-20 06:07:46.575,az0TriRoPMkOomMju2kw_LJmYi4V0BZF,shops_bookmark,app_page_view,,
2019-09-20 06:07:49.259,6OUwcnzrZ5pPJZ4y_VbasWbFxXEjEDiE,shops_ranking,app_page_view,,
2019-09-20 06:07:59.054,UsaxEkJ513kIIim2uH3rjnMjzeHmdw3G,my_goods,app_page_view,,
2019-09-20 06:08:06.149,ckchI4a1eFFryJ0N1vY-QjeP-wuX1b7I,my_goods,app_page_view,,
2019-09-20 06:08:08.770,Q83gpNO564eQXQdKVIf37gr9JHsMtTBS,goods_search_result/단추 원피스,app_page_view,,
2019-09-20 06:08:09.592,Iz7trKKw9CBTiWM0cuh_tClv5sLtMv0v,my_goods,app_page_view,,
2019-09-20 06:08:13.984,UsaxEkJ513kIIim2uH3rjnMjzeHmdw3G,my_goods,enter_browser,4185,134
2019-09-20 06:08:14.464,IcHLf0jz92L0-M_EeEiQedTfYJueP61E,shops_ranking,app_page_view,,
2019-09-20 06:08:18.953,GrFdbI0d9sgqAYfy7Tr6RTDhc2hJjfyA,my_goods,app_page_view,,
2019-09-20 06:08:20.345,GrFdbI0d9sgqAYfy7Tr6RTDhc2hJjfyA,shops_bookmark,app_page_view,,
2019-09-20 06:08:23.449,At7zldfJqdbOoLDfPrf-ws9Fws6n9Jvc,my_goods,app_page_view,,
2019-09-20 06:08:25.722,um793VrojOnN6W98iv8hoBE_cwdrBiIM,shops_ranking,app_page_view,,
2019-09-20 06:08:26.979,um793VrojOnN6W98iv8hoBE_cwdrBiIM,shops_bookmark,app_page_view,,
2019-09-20 06:08:28.239,At7zldfJqdbOoLDfPrf-ws9Fws6n9Jvc,my_goods,enter_browser,1724,32
2019-09-20 06:08:34.037,um793VrojOnN6W98iv8hoBE_cwdrBiIM,goods_search_result/슬림일자슬랙스,app_page_view,,
2019-09-20 06:08:34.148,ga_g0_b4WpumN67YLRGJOdOIeCpWY4Yv,category_search_result/아우터,app_page_view,,
2019-09-20 06:08:39.685,GrFdbI0d9sgqAYfy7Tr6RTDhc2hJjfyA,my_goods,app_page_view,,
2019-09-20 06:08:41.796,g1NKCgU27Lkr3AzXAymKPa-ZRfMvdJru,shops_ranking,app_page_view,,
2019-09-20 06:08:46.415,g1NKCgU27Lkr3AzXAymKPa-ZRfMvdJru,shops_bookmark,app_page_view,,
2019-09-20 06:08:52.833,cOKDJo4JM0F9dnxd02jaRWoQWlthoWWu,shops_ranking,app_page_view,,
2019-09-20 06:08:53.671,DxVP6kGRyIL4ofmaA9eY_0zgZcu7VuWo,shops_ranking,app_page_view,,
2019-09-20 06:08:58.497,cOKDJo4JM0F9dnxd02jaRWoQWlthoWWu,shops_ranking,add_bookmark,,32
2019-09-20 06:08:59.849,cOKDJo4JM0F9dnxd02jaRWoQWlthoWWu,shops_ranking,remove_bookmark,,32
2019-09-20 06:09:01.888,jq8zgP0asUWClwzLKs0H3RM3l7WGoNLE,shops_ranking,app_page_view,,
2019-09-20 06:09:02.672,az0TriRoPMkOomMju2kw_LJmYi4V0BZF,shops_bookmark,app_page_view,,
2019-09-20 06:09:03.211,jq8zgP0asUWClwzLKs0H3RM3l7WGoNLE,shops_ranking,app_page_view,,
2019-09-20 06:09:03.772,At7zldfJqdbOoLDfPrf-ws9Fws6n9Jvc,my_goods,app_page_view,,
2019-09-20 06:09:11.240,1WvmJ2K50lVupBdV8NDihwOabfqF9oTz,my_goods,app_page_view,,
2019-09-20 06:09:11.331,GrFdbI0d9sgqAYfy7Tr6RTDhc2hJjfyA,my_goods,enter_browser,3536,151
2019-09-20 06:09:13.372,1WvmJ2K50lVupBdV8NDihwOabfqF9oTz,my_goods,enter_browser,5240,60
2019-09-20 06:09:15.861,4vjmCaFj17JYxKxLOCcGF2ms1EB8iFtm,my_goods,app_page_view,,
2019-09-20 06:09:41.305,CGSIXbcYwquEonUKqkKwdI5HHXgFIOHf,shops_bookmark,app_page_view,,
2019-09-20 06:09:43.446,epiWB3l6KhPtIXWNaTxpGjUZhcsgyk7a,shops_ranking,app_page_view,,
2019-09-20 06:09:44.617,GrFdbI0d9sgqAYfy7Tr6RTDhc2hJjfyA,my_goods,app_page_view,,
2019-09-20 06:09:47.389,CGSIXbcYwquEonUKqkKwdI5HHXgFIOHf,category_search_result/바지,app_page_view,,
2019-09-20 06:09:49.012,fDBmrfMijxyGMvjWueqLJ_GHJWnkKaUU,shops_bookmark,app_page_view,,
2019-09-20 06:09:54.023,WfGOtTntK6KWIC6lN-ZKUf7yF5_a_R8J,category_search_result/원피스,app_page_view,,
2019-09-20 06:09:58.915,zdvPK3mj4vVqZU0ov1aTPS4bGIZ3f1qc,goods_search_result/원피스,app_page_view,,
2019-09-20 06:10:12.122,miJ57lWEKzIzdtfygPTReqU-_M0Dr-po,my_goods,enter_browser,6477,77
2019-09-20 06:10:16.525,AMeHwnaJLStwcx30z1aoadE68K7ntTKB,shops_ranking,app_page_view,,
2019-09-20 06:10:17.312,ga_g0_b4WpumN67YLRGJOdOIeCpWY4Yv,category_search_result/상의,app_page_view,,
2019-09-20 06:10:17.330,um793VrojOnN6W98iv8hoBE_cwdrBiIM,goods_search_result/스판슬림일자슬랙스,app_page_view,,
2019-09-20 06:10:21.226,um793VrojOnN6W98iv8hoBE_cwdrBiIM,shops_bookmark,app_page_view,,
2019-09-20 06:10:24.038,g1NKCgU27Lkr3AzXAymKPa-ZRfMvdJru,shops_bookmark,app_page_view,,
2019-09-20 06:10:29.042,ga_g0_b4WpumN67YLRGJOdOIeCpWY4Yv,category_search_result/상의,enter_browser,2525,45
2019-09-20 06:10:29.937,g1NKCgU27Lkr3AzXAymKPa-ZRfMvdJru,shops_bookmark,enter_browser,6602,121
2019-09-20 06:10:30.077,sYFIv7ryLof2OGic7DnrYRb3BX3VPphc,my_goods,app_page_view,,
2019-09-20 06:10:33.883,um793VrojOnN6W98iv8hoBE_cwdrBiIM,shops_ranking,app_page_view,,
2019-09-20 06:10:38.597,miJ57lWEKzIzdtfygPTReqU-_M0Dr-po,my_goods,app_page_view,,
2019-09-20 06:10:38.816,WfGOtTntK6KWIC6lN-ZKUf7yF5_a_R8J,category_search_result/원피스,enter_browser,5606,92
2019-09-20 06:10:47.711,kx5O8_01c-rzoYsqqqxo7ZVgamF6uazT,shops_ranking,app_page_view,,
2019-09-20 06:10:51.451,g1NKCgU27Lkr3AzXAymKPa-ZRfMvdJru,shops_bookmark,app_page_view,,
2019-09-20 06:10:54.553,CGSIXbcYwquEonUKqkKwdI5HHXgFIOHf,category_search_result/상의,app_page_view,,
2019-09-20 06:11:01.317,WfGOtTntK6KWIC6lN-ZKUf7yF5_a_R8J,category_search_result/원피스,add_my_goods,5606,92
2019-09-20 06:11:02.907,az0TriRoPMkOomMju2kw_LJmYi4V0BZF,shops_bookmark,app_page_view,,
2019-09-20 06:11:03.771,sYFIv7ryLof2OGic7DnrYRb3BX3VPphc,my_goods,enter_browser,2392,179
2019-09-20 06:11:06.364,fAl0Uhkq65DwZieO30cTREz95WOF_VjX,my_goods,app_page_view,,
2019-09-20 06:11:12.939,GrFdbI0d9sgqAYfy7Tr6RTDhc2hJjfyA,my_goods,enter_browser,3536,151
2019-09-20 06:11:42.865,At7zldfJqdbOoLDfPrf-ws9Fws6n9Jvc,my_goods,app_page_view,,
2019-09-20 06:11:43.268,sYFIv7ryLof2OGic7DnrYRb3BX3VPphc,my_goods,app_page_view,,
2019-09-20 06:11:54.417,Y7GdbrR_nHB3smnk-512KNFhg7oOir27,goods_search_result/니트,app_page_view,,
2019-09-20 06:11:57.775,BoKdDx6IgXMj0lxtGpAYRSqFe63PqPiH,goods_search_result/일자바지,app_page_view,,
2019-09-20 06:12:00.728,Y7GdbrR_nHB3smnk-512KNFhg7oOir27,goods_search_result/롱스커트,app_page_view,,
2019-09-20 06:12:03.483,At7zldfJqdbOoLDfPrf-ws9Fws6n9Jvc,shops_ranking,app_page_view,,
2019-09-20 06:12:05.919,az0TriRoPMkOomMju2kw_LJmYi4V0BZF,shops_ranking,app_page_view,,
2019-09-20 06:12:16.900,g1NKCgU27Lkr3AzXAymKPa-ZRfMvdJru,shops_bookmark,app_page_view,,
2019-09-20 06:12:17.036,At7zldfJqdbOoLDfPrf-ws9Fws6n9Jvc,category_search_result/원피스,app_page_view,,
2019-09-20 06:12:17.509,EfmVax87v7DbC46LsbSdRrM9kRQi0C5v,goods_search_result/뷔스티에,app_page_view,,
2019-09-20 06:12:18.081,GrFdbI0d9sgqAYfy7Tr6RTDhc2hJjfyA,my_goods,app_page_view,,
2019-09-20 06:12:19.462,xxx6AfaryDq0zELBbYqeHD-iPJ63PxWi,shops_ranking,app_page_view,,
2019-09-20 06:12:20.387,zdvPK3mj4vVqZU0ov1aTPS4bGIZ3f1qc,goods_search_result/클럽원피스,app_page_view,,
2019-09-20 06:12:21.554,Y7GdbrR_nHB3smnk-512KNFhg7oOir27,goods_search_result/롱스커트,enter_browser,3785,22
2019-09-20 06:12:32.894,BoKdDx6IgXMj0lxtGpAYRSqFe63PqPiH,goods_search_result/일자바지,enter_browser,6214,134
2019-09-20 06:12:35.838,Y7GdbrR_nHB3smnk-512KNFhg7oOir27,goods_search_result/롱스커트,app_page_view,,
2019-09-20 06:12:36.113,az0TriRoPMkOomMju2kw_LJmYi4V0BZF,shops_ranking,app_page_view,,
2019-09-20 06:12:47.194,Di1GmLW9HlqXr4b2AYZ-_IWpGzvkh3vB,goods_search_result/오프숄더,app_page_view,,
2019-09-20 06:13:01.180,az0TriRoPMkOomMju2kw_LJmYi4V0BZF,shops_ranking,app_page_view,,
2019-09-20 06:13:02.774,g1NKCgU27Lkr3AzXAymKPa-ZRfMvdJru,shops_bookmark,app_page_view,,
2019-09-20 06:13:11.999,UsaxEkJ513kIIim2uH3rjnMjzeHmdw3G,my_goods,app_page_view,,
2019-09-20 06:13:20.075,cOKDJo4JM0F9dnxd02jaRWoQWlthoWWu,shops_ranking,app_page_view,,
2019-09-20 06:13:23.304,zdvPK3mj4vVqZU0ov1aTPS4bGIZ3f1qc,goods_search_result/클럽,app_page_view,,
2019-09-20 06:13:24.708,UsaxEkJ513kIIim2uH3rjnMjzeHmdw3G,my_goods,enter_browser,4185,134
2019-09-20 06:13:25.776,kx5O8_01c-rzoYsqqqxo7ZVgamF6uazT,shops_ranking,app_page_view,,
2019-09-20 06:13:30.963,epiWB3l6KhPtIXWNaTxpGjUZhcsgyk7a,category_search_result/원피스,app_page_view,,
2019-09-20 06:13:33.791,GrFdbI0d9sgqAYfy7Tr6RTDhc2hJjfyA,my_goods,enter_browser,3536,151
2019-09-20 06:13:39.893,1WvmJ2K50lVupBdV8NDihwOabfqF9oTz,my_goods,app_page_view,,
2019-09-20 06:13:42.029,BoKdDx6IgXMj0lxtGpAYRSqFe63PqPiH,goods_search_result/일자바지,app_page_view,,
2019-09-20 06:13:46.754,xxx6AfaryDq0zELBbYqeHD-iPJ63PxWi,category_search_result/원피스,app_page_view,,
2019-09-20 06:13:53.655,Di1GmLW9HlqXr4b2AYZ-_IWpGzvkh3vB,goods_search_result/스트라이프트 오프숄더,app_page_view,,
2019-09-20 06:14:00.481,Di1GmLW9HlqXr4b2AYZ-_IWpGzvkh3vB,goods_search_result/검정 오프숄더,app_page_view,,
2019-09-20 06:14:07.903,cOKDJo4JM0F9dnxd02jaRWoQWlthoWWu,shops_ranking,app_page_view,,
2019-09-20 06:14:20.385,UsaxEkJ513kIIim2uH3rjnMjzeHmdw3G,my_goods,app_page_view,,
2019-09-20 06:14:35.929,1WvmJ2K50lVupBdV8NDihwOabfqF9oTz,my_goods,enter_browser,5240,60
2019-09-20 06:14:37.506,1WvmJ2K50lVupBdV8NDihwOabfqF9oTz,my_goods,app_page_view,,
2019-09-20 06:14:40.681,fAl0Uhkq65DwZieO30cTREz95WOF_VjX,my_goods,app_page_view,,
2019-09-20 06:15:05.028,sYFIv7ryLof2OGic7DnrYRb3BX3VPphc,my_goods,app_page_view,,
2019-09-20 06:15:10.726,cOKDJo4JM0F9dnxd02jaRWoQWlthoWWu,shops_ranking,add_my_goods,5428,12
2019-09-20 06:15:11.713,V_emxi8V8Ay6OR-LQ3fYVX8OcJdz35uW,shops_bookmark,app_page_view,,
2019-09-20 06:15:12.207,GrFdbI0d9sgqAYfy7Tr6RTDhc2hJjfyA,my_goods,app_page_view,,
2019-09-20 06:15:12.894,IcHLf0jz92L0-M_EeEiQedTfYJueP61E,shops_ranking,app_page_view,,
2019-09-20 06:15:13.243,GrFdbI0d9sgqAYfy7Tr6RTDhc2hJjfyA,my_goods,enter_browser,3536,151
2019-09-20 06:15:16.978,DUQD0tsXjyJYugpg-Dkz4E2EDnlpaFr8,shops_bookmark,app_page_view,,
2019-09-20 06:15:31.355,BoKdDx6IgXMj0lxtGpAYRSqFe63PqPiH,goods_search_result/원피스,app_page_view,,
2019-09-20 06:15:37.309,xxx6AfaryDq0zELBbYqeHD-iPJ63PxWi,category_search_result/가방,app_page_view,,
2019-09-20 06:15:50.451,cOKDJo4JM0F9dnxd02jaRWoQWlthoWWu,shops_ranking,add_my_goods,5145,12
2019-09-20 06:15:55.704,zdvPK3mj4vVqZU0ov1aTPS4bGIZ3f1qc,goods_search_result/홀복,app_page_view,,
2019-09-20 06:16:15.572,zdvPK3mj4vVqZU0ov1aTPS4bGIZ3f1qc,goods_search_result/파티복,app_page_view,,
2019-09-20 06:16:24.748,cOKDJo4JM0F9dnxd02jaRWoQWlthoWWu,shops_ranking,add_my_goods,4819,12
2019-09-20 06:16:29.921,nsyJAmaWES2ZR7zwFvRl9oD0N45fMTmY,goods_search_result/검정 치마,app_page_view,,
2019-09-20 06:16:42.578,IcHLf0jz92L0-M_EeEiQedTfYJueP61E,shops_ranking,app_page_view,,
2019-09-20 06:16:46.229,IcHLf0jz92L0-M_EeEiQedTfYJueP61E,shops_ranking,app_page_view,,
2019-09-20 06:16:49.007,IcHLf0jz92L0-M_EeEiQedTfYJueP61E,shops_ranking,app_page_view,,
2019-09-20 06:16:56.359,GrFdbI0d9sgqAYfy7Tr6RTDhc2hJjfyA,my_goods,app_page_view,,
2019-09-20 06:17:07.013,IcHLf0jz92L0-M_EeEiQedTfYJueP61E,category_search_result/상의,app_page_view,,
2019-09-20 06:17:09.590,zdvPK3mj4vVqZU0ov1aTPS4bGIZ3f1qc,shops_bookmark,app_page_view,,
2019-09-20 06:17:17.756,oz5mSUFhsFzdxYZ5PbEKSXDw0b3rNU0h,shops_ranking,app_page_view,,
2019-09-20 06:17:18.954,oz5mSUFhsFzdxYZ5PbEKSXDw0b3rNU0h,shops_bookmark,app_page_view,,
2019-09-20 06:17:20.044,nsyJAmaWES2ZR7zwFvRl9oD0N45fMTmY,goods_search_result/파티,app_page_view,,
2019-09-20 06:17:21.597,zdvPK3mj4vVqZU0ov1aTPS4bGIZ3f1qc,shops_bookmark,app_page_view,,
2019-09-20 06:17:21.957,oz5mSUFhsFzdxYZ5PbEKSXDw0b3rNU0h,shops_ranking,app_page_view,,
2019-09-20 06:17:24.665,IcHLf0jz92L0-M_EeEiQedTfYJueP61E,category_search_result/상의,enter_browser,3058,22
2019-09-20 06:17:25.464,_HOMJJmi1Ix6Wl0OvYp7MbGjULbF-2-h,shops_ranking,app_page_view,,
2019-09-20 06:17:27.359,oz5mSUFhsFzdxYZ5PbEKSXDw0b3rNU0h,shops_ranking,app_page_view,,
2019-09-20 06:17:32.908,NA5yV3Wa25FPdG-l0wX5B_3H2eHbjfAC,goods_search_result/플라워원피스,app_page_view,,
2019-09-20 06:17:33.766,miJ57lWEKzIzdtfygPTReqU-_M0Dr-po,shops_ranking,app_page_view,,
2019-09-20 06:17:34.634,svWcQRMRB-Qmz6AlWwFtBrw250z0miMh,shops_ranking,app_page_view,,
2019-09-20 06:17:45.421,xxx6AfaryDq0zELBbYqeHD-iPJ63PxWi,shops_ranking,app_page_view,,
2019-09-20 06:17:51.609,nsyJAmaWES2ZR7zwFvRl9oD0N45fMTmY,goods_search_result/시스루,app_page_view,,
2019-09-20 06:17:59.633,gYqyt4iZzG_y92UkCorDqcQ31QSI13Rh,shops_bookmark,app_page_view,,
2019-09-20 06:18:05.185,az0TriRoPMkOomMju2kw_LJmYi4V0BZF,shops_ranking,app_page_view,,
2019-09-20 06:18:05.588,y3wQIMIA6O4XT3tEQ3Ejsa6gLWULieL5,shops_ranking,app_page_view,,
2019-09-20 06:18:07.439,svWcQRMRB-Qmz6AlWwFtBrw250z0miMh,shops_ranking,app_page_view,,
2019-09-20 06:18:10.325,6pJr34FRIAnmr6zpDq6U4DuegLqGnTc_,shops_ranking,app_page_view,,
2019-09-20 06:18:12.690,fAl0Uhkq65DwZieO30cTREz95WOF_VjX,goods_search_result/티셔츠,app_page_view,,
2019-09-20 06:18:22.891,xmYEC0Vb6RHJjg4JeahX4igV5RTrXk6d,my_goods,app_page_view,,
2019-09-20 06:18:32.015,eHLjDrEjCACzxCbrnjuk6ts_TjsoaFtA,shops_ranking,app_page_view,,
2019-09-20 06:18:51.209,tpsVBMQQc1MjB0Z5AftMofEAisS66Oi_,goods_search_result/멜빵바지,app_page_view,,
2019-09-20 06:18:53.026,IcHLf0jz92L0-M_EeEiQedTfYJueP61E,category_search_result/상의,app_page_view,,
2019-09-20 06:18:56.729,wkyX_ZLiFhEdc3g4yv9_24OHxoaxCxFH,shops_bookmark,app_page_view,,
2019-09-20 06:18:59.391,3yBJYtWhXCO4ROSsGp5ACT7ZdN5lS-GL,my_goods,app_page_view,,
2019-09-20 06:19:11.061,wkyX_ZLiFhEdc3g4yv9_24OHxoaxCxFH,shops_bookmark,app_page_view,,
2019-09-20 06:19:14.083,svWcQRMRB-Qmz6AlWwFtBrw250z0miMh,shops_ranking,app_page_view,,
2019-09-20 06:19:19.440,svWcQRMRB-Qmz6AlWwFtBrw250z0miMh,category_search_result/가방,app_page_view,,
2019-09-20 06:19:22.873,3yBJYtWhXCO4ROSsGp5ACT7ZdN5lS-GL,shops_bookmark,app_page_view,,
2019-09-20 06:19:43.938,az0TriRoPMkOomMju2kw_LJmYi4V0BZF,shops_ranking,app_page_view,,
2019-09-20 06:19:45.135,svWcQRMRB-Qmz6AlWwFtBrw250z0miMh,category_search_result/상의,app_page_view,,
2019-09-20 06:19:45.493,DUQD0tsXjyJYugpg-Dkz4E2EDnlpaFr8,shops_bookmark,app_page_view,,
2019-09-20 06:19:49.850,DUQD0tsXjyJYugpg-Dkz4E2EDnlpaFr8,shops_bookmark,enter_browser,,85
2019-09-20 06:20:06.385,BoKdDx6IgXMj0lxtGpAYRSqFe63PqPiH,goods_search_result/원피스,enter_browser,5606,92
2019-09-20 06:20:07.470,3yBJYtWhXCO4ROSsGp5ACT7ZdN5lS-GL,goods_search_result/투명힐,app_page_view,,
2019-09-20 06:20:21.738,Y7GdbrR_nHB3smnk-512KNFhg7oOir27,goods_search_result/롱스커트,app_page_view,,
2019-09-20 06:20:26.222,mKl9opX3PtXb8yHZFQLipPHqDMtIjej1,shops_bookmark,app_page_view,,
2019-09-20 06:20:27.334,y3wQIMIA6O4XT3tEQ3Ejsa6gLWULieL5,shops_ranking,app_page_view,,
2019-09-20 06:20:33.041,y3wQIMIA6O4XT3tEQ3Ejsa6gLWULieL5,shops_ranking,enter_browser,6371,103
2019-09-20 06:20:34.669,mKl9opX3PtXb8yHZFQLipPHqDMtIjej1,shops_bookmark,app_page_view,,
2019-09-20 06:20:39.317,az0TriRoPMkOomMju2kw_LJmYi4V0BZF,shops_ranking,app_page_view,,
2019-09-20 06:20:43.929,fiKjV5ky2MVSRWX-G8WtHQLtZPKCv62-,my_goods,app_page_view,,
2019-09-20 06:20:47.983,y3wQIMIA6O4XT3tEQ3Ejsa6gLWULieL5,shops_ranking,app_page_view,,
2019-09-20 06:20:49.935,I66_s05v6EM1Fm-RedNONTOosSyH4fUZ,shops_ranking,app_page_view,,
2019-09-20 06:20:52.296,wkyX_ZLiFhEdc3g4yv9_24OHxoaxCxFH,shops_bookmark,app_page_view,,
2019-09-20 06:20:53.415,wkyX_ZLiFhEdc3g4yv9_24OHxoaxCxFH,shops_bookmark,app_page_view,,
2019-09-20 06:20:53.432,mKl9opX3PtXb8yHZFQLipPHqDMtIjej1,goods_search_result/골반핫팬츠,app_page_view,,
2019-09-20 06:21:00.430,y3wQIMIA6O4XT3tEQ3Ejsa6gLWULieL5,shops_ranking,enter_browser,5928,103
2019-09-20 06:21:07.419,g1NKCgU27Lkr3AzXAymKPa-ZRfMvdJru,shops_bookmark,app_page_view,,
2019-09-20 06:21:09.408,mKl9opX3PtXb8yHZFQLipPHqDMtIjej1,goods_search_result/골반반바지,app_page_view,,
2019-09-20 06:21:11.343,_-S3q-l3NUksE8xs5TURQ8IL8zJfWYPf,my_goods,app_page_view,,
2019-09-20 06:21:12.232,mKl9opX3PtXb8yHZFQLipPHqDMtIjej1,goods_search_result/골반바지,app_page_view,,
2019-09-20 06:21:15.755,DUQD0tsXjyJYugpg-Dkz4E2EDnlpaFr8,shops_bookmark,app_page_view,,
2019-09-20 06:21:16.865,3yBJYtWhXCO4ROSsGp5ACT7ZdN5lS-GL,goods_search_result/투명힐,app_page_view,,
2019-09-20 06:21:17.135,fiKjV5ky2MVSRWX-G8WtHQLtZPKCv62-,goods_search_result/쉬폰프릴오프숄더,app_page_view,,
2019-09-20 06:21:18.023,y3wQIMIA6O4XT3tEQ3Ejsa6gLWULieL5,shops_ranking,app_page_view,,
2019-09-20 06:21:20.830,y3wQIMIA6O4XT3tEQ3Ejsa6gLWULieL5,shops_ranking,enter_browser,5929,103
2019-09-20 06:21:21.050,mKl9opX3PtXb8yHZFQLipPHqDMtIjej1,goods_search_result/골반숏팬츠,app_page_view,,
2019-09-20 06:21:24.443,mKl9opX3PtXb8yHZFQLipPHqDMtIjej1,goods_search_result/골반숏팬츠,app_page_view,,
2019-09-20 06:21:29.265,mKl9opX3PtXb8yHZFQLipPHqDMtIjej1,goods_search_result/숏팬츠,app_page_view,,
2019-09-20 06:21:31.509,wkyX_ZLiFhEdc3g4yv9_24OHxoaxCxFH,shops_bookmark,app_page_view,,
2019-09-20 06:21:39.556,fiKjV5ky2MVSRWX-G8WtHQLtZPKCv62-,goods_search_result/프릴오프숄더,app_page_view,,
2019-09-20 06:21:46.916,mKl9opX3PtXb8yHZFQLipPHqDMtIjej1,goods_search_result/3부반바디,app_page_view,,
2019-09-20 06:21:48.857,mKl9opX3PtXb8yHZFQLipPHqDMtIjej1,goods_search_result/3부반바지,app_page_view,,
2019-09-20 06:21:53.851,BoKdDx6IgXMj0lxtGpAYRSqFe63PqPiH,goods_search_result/원피스,app_page_view,,
2019-09-20 06:21:56.789,Y7GdbrR_nHB3smnk-512KNFhg7oOir27,my_goods,app_page_view,,
2019-09-20 06:22:04.893,fiKjV5ky2MVSRWX-G8WtHQLtZPKCv62-,goods_search_result/프릴블라우스,app_page_view,,
2019-09-20 06:22:14.906,Y7GdbrR_nHB3smnk-512KNFhg7oOir27,shops_ranking,app_page_view,,
2019-09-20 06:22:18.846,BoKdDx6IgXMj0lxtGpAYRSqFe63PqPiH,goods_search_result/원피스,enter_browser,2003,22
2019-09-20 06:22:22.223,GrFdbI0d9sgqAYfy7Tr6RTDhc2hJjfyA,my_goods,enter_browser,3536,151
2019-09-20 06:22:33.969,BoKdDx6IgXMj0lxtGpAYRSqFe63PqPiH,goods_search_result/원피스,app_page_view,,
2019-09-20 06:22:38.607,6mM-y15MjooFtEtXel-GgoWw3HSvCMG9,my_goods,app_page_view,,
2019-09-20 06:22:43.342,fAl0Uhkq65DwZieO30cTREz95WOF_VjX,goods_search_result/셔츠,app_page_view,,
2019-09-20 06:22:47.810,BWIEwvcV0CqhcaFNAYK3SG4GoDQCJl2u,shops_ranking,app_page_view,,
2019-09-20 06:22:50.491,0kWYTXVESpS19o-n0orNiH80G2YeAm4f,my_goods,app_page_view,,
2019-09-20 06:22:58.998,3yBJYtWhXCO4ROSsGp5ACT7ZdN5lS-GL,goods_search_result/뮬,app_page_view,,
2019-09-20 06:23:02.183,SgcehY_YAC0HnHJi96bLjs268UhL5wR3,shops_ranking,app_page_view,,
2019-09-20 06:23:12.060,3yBJYtWhXCO4ROSsGp5ACT7ZdN5lS-GL,goods_search_result/뮬,enter_browser,6436,69
2019-09-20 06:23:17.098,fiKjV5ky2MVSRWX-G8WtHQLtZPKCv62-,goods_search_result/린넨블라우스,app_page_view,,
2019-09-20 06:23:20.982,jvs-ya4nQyyu2VaFesMyps342vC2Y-5O,my_goods,app_page_view,,
2019-09-20 06:23:21.454,0kWYTXVESpS19o-n0orNiH80G2YeAm4f,goods_search_result/구찌,app_page_view,,
2019-09-20 06:23:22.775,GrFdbI0d9sgqAYfy7Tr6RTDhc2hJjfyA,my_goods,app_page_view,,
2019-09-20 06:23:25.292,3yBJYtWhXCO4ROSsGp5ACT7ZdN5lS-GL,goods_search_result/뮬,app_page_view,,
2019-09-20 06:23:27.393,oz5mSUFhsFzdxYZ5PbEKSXDw0b3rNU0h,shops_ranking,app_page_view,,
2019-09-20 06:23:32.738,BWIEwvcV0CqhcaFNAYK3SG4GoDQCJl2u,shops_bookmark,app_page_view,,
2019-09-20 06:23:39.347,WhYIt7lhCQ3xqvl4-rQnOVFuGuIyrfLo,my_goods,app_page_view,,
2019-09-20 06:23:42.890,az0TriRoPMkOomMju2kw_LJmYi4V0BZF,shops_ranking,app_page_view,,
2019-09-20 06:23:44.665,6mM-y15MjooFtEtXel-GgoWw3HSvCMG9,shops_bookmark,app_page_view,,
2019-09-20 06:23:46.547,um793VrojOnN6W98iv8hoBE_cwdrBiIM,goods_search_result/스판슬림일자슬랙스,app_page_view,,
2019-09-20 06:23:46.862,6mM-y15MjooFtEtXel-GgoWw3HSvCMG9,shops_bookmark,app_page_view,,
2019-09-20 06:23:48.433,eQP3wwSLBEyfCNooJaquF8AdxkLjCqdC,my_goods,app_page_view,,
2019-09-20 06:23:48.669,jvs-ya4nQyyu2VaFesMyps342vC2Y-5O,goods_search_result/레드브라운원피스,app_page_view,,
2019-09-20 06:23:59.773,eQP3wwSLBEyfCNooJaquF8AdxkLjCqdC,shops_bookmark,app_page_view,,
2019-09-20 06:24:03.523,eQP3wwSLBEyfCNooJaquF8AdxkLjCqdC,shops_bookmark,app_page_view,,
2019-09-20 06:24:17.520,JSOLg2JctMplV72sRCLlNMCj517LiDht,my_goods,app_page_view,,
2019-09-20 06:24:17.768,fkBiV-gnon_KZL1pIS62s_w80rU4eHs3,shops_ranking,app_page_view,,
2019-09-20 06:24:19.185,fkBiV-gnon_KZL1pIS62s_w80rU4eHs3,shops_bookmark,app_page_view,,
2019-09-20 06:24:27.402,az0TriRoPMkOomMju2kw_LJmYi4V0BZF,shops_ranking,enter_browser,3842,7
2019-09-20 06:24:29.717,fkBiV-gnon_KZL1pIS62s_w80rU4eHs3,category_search_result/스커트,app_page_view,,
2019-09-20 06:24:32.810,fiKjV5ky2MVSRWX-G8WtHQLtZPKCv62-,goods_search_result/린넨오프숄더,app_page_view,,
2019-09-20 06:24:41.682,d5ntqm_xDovA-oQHNND5k5m0uOOys7Wf,goods_search_result/브라렛,app_page_view,,
2019-09-20 06:24:43.582,THCymNdtPbd4u2AbwHKrDAqiTFbNMZsx,goods_search_result/데일리,app_page_view,,
2019-09-20 06:24:44.124,3yBJYtWhXCO4ROSsGp5ACT7ZdN5lS-GL,goods_search_result/유리구두,app_page_view,,
2019-09-20 06:24:44.479,BoKdDx6IgXMj0lxtGpAYRSqFe63PqPiH,goods_search_result/원피스,enter_browser,324,92
2019-09-20 06:25:04.794,fkBiV-gnon_KZL1pIS62s_w80rU4eHs3,my_goods,app_page_view,,
2019-09-20 06:25:13.504,JSOLg2JctMplV72sRCLlNMCj517LiDht,my_goods,app_page_view,,
2019-09-20 06:25:14.876,az0TriRoPMkOomMju2kw_LJmYi4V0BZF,shops_ranking,app_page_view,,
2019-09-20 06:25:15.179,miJ57lWEKzIzdtfygPTReqU-_M0Dr-po,goods_search_result/살구,app_page_view,,
2019-09-20 06:25:16.754,BoKdDx6IgXMj0lxtGpAYRSqFe63PqPiH,goods_search_result/원피스,app_page_view,,
2019-09-20 06:25:26.335,6mM-y15MjooFtEtXel-GgoWw3HSvCMG9,shops_bookmark,enter_browser,,93
2019-09-20 06:25:29.608,NA5yV3Wa25FPdG-l0wX5B_3H2eHbjfAC,goods_search_result/랩원피스,app_page_view,,
2019-09-20 06:25:31.202,fiKjV5ky2MVSRWX-G8WtHQLtZPKCv62-,my_goods,app_page_view,,
2019-09-20 06:25:35.519,y3wQIMIA6O4XT3tEQ3Ejsa6gLWULieL5,shops_ranking,app_page_view,,
2019-09-20 06:25:46.406,b8E6HRnv67BZld_kpvn0uyp8NWvmSxsB,shops_ranking,app_page_view,,
2019-09-20 06:25:47.397,b8E6HRnv67BZld_kpvn0uyp8NWvmSxsB,shops_ranking,app_page_view,,
2019-09-20 06:25:50.206,C-KIqqszVMQsnS8jWxQNBlquFbb4Gax7,shops_bookmark,app_page_view,,
2019-09-20 06:25:50.768,oz5mSUFhsFzdxYZ5PbEKSXDw0b3rNU0h,shops_ranking,enter_browser,,33
2019-09-20 06:25:55.657,fiKjV5ky2MVSRWX-G8WtHQLtZPKCv62-,my_goods,enter_browser,321,109
2019-09-20 06:26:10.714,gYqyt4iZzG_y92UkCorDqcQ31QSI13Rh,shops_bookmark,app_page_view,,
2019-09-20 06:26:13.572,cOKDJo4JM0F9dnxd02jaRWoQWlthoWWu,shops_ranking,app_page_view,,
2019-09-20 06:26:18.811,eQP3wwSLBEyfCNooJaquF8AdxkLjCqdC,my_goods,app_page_view,,
2019-09-20 06:26:19.000,C-KIqqszVMQsnS8jWxQNBlquFbb4Gax7,shops_bookmark,app_page_view,,
2019-09-20 06:26:19.635,kIPqo3plFaD9Le--h-DmOQERQXLweN7f,shops_ranking,app_page_view,,
2019-09-20 06:26:34.238,fiKjV5ky2MVSRWX-G8WtHQLtZPKCv62-,my_goods,app_page_view,,
2019-09-20 06:26:38.328,fiKjV5ky2MVSRWX-G8WtHQLtZPKCv62-,my_goods,enter_browser,24,109
2019-09-20 06:26:46.503,gdapdmbMlU_KF9Tv4CEo9qIh6TDBCeB1,shops_bookmark,app_page_view,,
2019-09-20 06:26:58.731,JlZlkPP0WamIRqMvSHcVYUxM1-YD_oCd,shops_ranking,app_page_view,,
2019-09-20 06:27:14.275,_HOMJJmi1Ix6Wl0OvYp7MbGjULbF-2-h,shops_bookmark,app_page_view,,
2019-09-20 06:27:22.985,Gw82v7sKktVyOemf5cT7ViUjY_a1y5yG,my_goods,app_page_view,,
2019-09-20 06:27:23.781,YdcirXVwsyx-E3utV91zxFQpRQGDNn_K,shops_bookmark,app_page_view,,
2019-09-20 06:27:30.306,cOKDJo4JM0F9dnxd02jaRWoQWlthoWWu,shops_ranking,app_page_view,,
2019-09-20 06:27:33.398,Gw82v7sKktVyOemf5cT7ViUjY_a1y5yG,my_goods,enter_browser,2823,12
2019-09-20 06:27:36.752,FIjZy_xnboH0U1Cu-wKyZzu8zDp8lSpi,shops_ranking,app_page_view,,
2019-09-20 06:27:46.404,mZu9LPHGtBzCCugAhbqUS8AcieEwfIqd,shops_bookmark,app_page_view,,
2019-09-20 06:27:47.624,fiKjV5ky2MVSRWX-G8WtHQLtZPKCv62-,my_goods,app_page_view,,
2019-09-20 06:27:49.868,fiKjV5ky2MVSRWX-G8WtHQLtZPKCv62-,my_goods,enter_browser,648,109
2019-09-20 06:27:51.240,0kWYTXVESpS19o-n0orNiH80G2YeAm4f,goods_search_result/도투,app_page_view,,
2019-09-20 06:27:56.345,YdcirXVwsyx-E3utV91zxFQpRQGDNn_K,shops_bookmark,app_page_view,,
2019-09-20 06:27:58.456,WK4wlJHdS3TjEGr_yEmGqyI8gm7s9x2Z,category_search_result/원피스,app_page_view,,
2019-09-20 06:28:03.763,GrFdbI0d9sgqAYfy7Tr6RTDhc2hJjfyA,my_goods,app_page_view,,
2019-09-20 06:28:08.197,WK4wlJHdS3TjEGr_yEmGqyI8gm7s9x2Z,category_search_result/상의,app_page_view,,
2019-09-20 06:28:15.982,gdapdmbMlU_KF9Tv4CEo9qIh6TDBCeB1,shops_ranking,app_page_view,,
2019-09-20 06:28:16.954,J8DgQDTx1pcfBhH81uBtBpJ4RrpejvyT,shops_ranking,app_page_view,,
2019-09-20 06:28:19.456,_HOMJJmi1Ix6Wl0OvYp7MbGjULbF-2-h,category_search_result/슈즈,app_page_view,,
2019-09-20 06:28:21.097,3yBJYtWhXCO4ROSsGp5ACT7ZdN5lS-GL,shops_bookmark,app_page_view,,
2019-09-20 06:28:23.895,3yBJYtWhXCO4ROSsGp5ACT7ZdN5lS-GL,shops_bookmark,enter_browser,,14
2019-09-20 06:28:34.680,HcbOcyaoHQFvSJIkXYtMUyNN0OMSmUyj,my_goods,app_page_view,,
2019-09-20 06:28:34.983,wkyX_ZLiFhEdc3g4yv9_24OHxoaxCxFH,shops_bookmark,app_page_view,,
2019-09-20 06:28:36.141,WK4wlJHdS3TjEGr_yEmGqyI8gm7s9x2Z,category_search_result/상의,enter_browser,3058,22
2019-09-20 06:28:45.686,0kWYTXVESpS19o-n0orNiH80G2YeAm4f,goods_search_result/도트,app_page_view,,
2019-09-20 06:28:50.064,HPX9BDC8Dw3983QxgdLLUzHvMWJS1PsB,goods_search_result/점프수트,app_page_view,,
2019-09-20 06:28:55.046,THCymNdtPbd4u2AbwHKrDAqiTFbNMZsx,goods_search_result/데일리,app_page_view,,
2019-09-20 06:29:09.819,THCymNdtPbd4u2AbwHKrDAqiTFbNMZsx,goods_search_result/데일리 에코,app_page_view,,
2019-09-20 06:29:11.364,fD7bhD7w2YlebSxZv3ZWt4Iq0iXMM5bX,shops_bookmark,app_page_view,,
2019-09-20 06:29:14.964,pBLJkoHY4ewAiRy3p6G1JHb8ptgLi8QY,my_goods,app_page_view,,
2019-09-20 06:29:15.419,gdapdmbMlU_KF9Tv4CEo9qIh6TDBCeB1,shops_bookmark,app_page_view,,
2019-09-20 06:29:29.517,fAl0Uhkq65DwZieO30cTREz95WOF_VjX,goods_search_result/치마,app_page_view,,
2019-09-20 06:29:32.073,eEO-fhzUl4S39yviwphV_uM9ZgJrPchM,shops_bookmark,app_page_view,,
2019-09-20 06:29:50.588,fiKjV5ky2MVSRWX-G8WtHQLtZPKCv62-,my_goods,app_page_view,,
2019-09-20 06:29:53.661,1WvmJ2K50lVupBdV8NDihwOabfqF9oTz,goods_search_result/체크탑,app_page_view,,
2019-09-20 06:29:57.890,fiKjV5ky2MVSRWX-G8WtHQLtZPKCv62-,my_goods,enter_browser,5637,109
2019-09-20 06:29:59.461,4MhZS_r8TatbtD2ehVobUwcJHPHsBWDi,shops_bookmark,app_page_view,,
2019-09-20 06:30:11.394,wGXLgJl3J_-KPePICheNzkq8URiAFkuy,shops_bookmark,app_page_view,,
2019-09-20 06:30:14.461,GrFdbI0d9sgqAYfy7Tr6RTDhc2hJjfyA,shops_bookmark,app_page_view,,
2019-09-20 06:30:18.234,_IC_kIfAB-cXnLFJm5-CEN_Uw_fXiKtp,shops_bookmark,app_page_view,,
2019-09-20 06:30:21.852,3LffzcWX3Za2XP6ukSgRXpoMEc4NjNWF,shops_ranking,app_page_view,,
2019-09-20 06:30:23.815,kIPqo3plFaD9Le--h-DmOQERQXLweN7f,shops_ranking,app_page_view,,
2019-09-20 06:30:24.943,3LffzcWX3Za2XP6ukSgRXpoMEc4NjNWF,my_goods,app_page_view,,
2019-09-20 06:30:25.476,3LffzcWX3Za2XP6ukSgRXpoMEc4NjNWF,shops_ranking,app_page_view,,
2019-09-20 06:30:29.999,fiKjV5ky2MVSRWX-G8WtHQLtZPKCv62-,my_goods,app_page_view,,
2019-09-20 06:30:31.110,AYsAXW0ufmdAZSkMtqCUpUnth1catEAG,shops_bookmark,app_page_view,,
2019-09-20 06:30:31.959,fiKjV5ky2MVSRWX-G8WtHQLtZPKCv62-,my_goods,enter_browser,647,109
2019-09-20 06:30:34.032,wGXLgJl3J_-KPePICheNzkq8URiAFkuy,shops_bookmark,app_page_view,,
2019-09-20 06:30:37.492,AYsAXW0ufmdAZSkMtqCUpUnth1catEAG,shops_bookmark,app_page_view,,
2019-09-20 06:30:40.312,3LffzcWX3Za2XP6ukSgRXpoMEc4NjNWF,shops_bookmark,app_page_view,,
2019-09-20 06:30:46.306,Pnd57XayAdPWq5sF_5gNfUS7t8C1jwM_,category_search_result/상의,enter_browser,6450,6
2019-09-20 06:30:48.522,wGXLgJl3J_-KPePICheNzkq8URiAFkuy,shops_bookmark,add_my_goods,6462,11
2019-09-20 06:30:50.704,wGXLgJl3J_-KPePICheNzkq8URiAFkuy,shops_bookmark,add_my_goods,6463,11
2019-09-20 06:30:52.110,7H4aaixSHE7kteSdwlZlMat_RWvTbGGX,shops_ranking,app_page_view,,
2019-09-20 06:30:53.548,wGXLgJl3J_-KPePICheNzkq8URiAFkuy,shops_bookmark,enter_browser,6463,11
2019-09-20 06:30:53.959,wGXLgJl3J_-KPePICheNzkq8URiAFkuy,shops_bookmark,remove_my_goods,6463,11
2019-09-20 06:30:58.239,jvs-ya4nQyyu2VaFesMyps342vC2Y-5O,goods_search_result/린넨원피스,app_page_view,,
2019-09-20 06:31:07.614,3yBJYtWhXCO4ROSsGp5ACT7ZdN5lS-GL,shops_bookmark,app_page_view,,
2019-09-20 06:31:11.580,dIl_39EJhw86fh2jgu6rXSskN8pp3CYz,shops_bookmark,enter_browser,6303,12
2019-09-20 06:31:12.248,6mM-y15MjooFtEtXel-GgoWw3HSvCMG9,shops_bookmark,app_page_view,,
2019-09-20 06:31:13.128,THCymNdtPbd4u2AbwHKrDAqiTFbNMZsx,goods_search_result/시원한.바지,app_page_view,,
2019-09-20 06:31:13.405,6mM-y15MjooFtEtXel-GgoWw3HSvCMG9,shops_bookmark,app_page_view,,
2019-09-20 06:31:13.839,Pnd57XayAdPWq5sF_5gNfUS7t8C1jwM_,my_goods,app_page_view,,
2019-09-20 06:31:14.456,IHtB3PlVL59m78SHo_Pk4dRYnczfQDTk,my_goods,app_page_view,,
2019-09-20 06:31:15.524,IHtB3PlVL59m78SHo_Pk4dRYnczfQDTk,shops_bookmark,app_page_view,,
2019-09-20 06:31:23.071,3yBJYtWhXCO4ROSsGp5ACT7ZdN5lS-GL,shops_bookmark,app_page_view,,
2019-09-20 06:31:25.027,fWxQs-T3XaRQ9AeTosq8Nq03HsRsE27D,shops_bookmark,app_page_view,,
2019-09-20 06:31:41.215,gYqyt4iZzG_y92UkCorDqcQ31QSI13Rh,shops_bookmark,app_page_view,,
2019-09-20 06:31:44.025,fiKjV5ky2MVSRWX-G8WtHQLtZPKCv62-,my_goods,app_page_view,,
2019-09-20 06:31:47.992,Pnd57XayAdPWq5sF_5gNfUS7t8C1jwM_,category_search_result/상의,app_page_view,,
2019-09-20 06:31:48.567,Y7GdbrR_nHB3smnk-512KNFhg7oOir27,shops_ranking,app_page_view,,
2019-09-20 06:31:50.424,dIl_39EJhw86fh2jgu6rXSskN8pp3CYz,shops_bookmark,app_page_view,,
2019-09-20 06:31:50.873,6OUwcnzrZ5pPJZ4y_VbasWbFxXEjEDiE,shops_ranking,app_page_view,,
2019-09-20 06:31:52.721,dIl_39EJhw86fh2jgu6rXSskN8pp3CYz,shops_bookmark,app_page_view,,
2019-09-20 06:31:53.145,0kWYTXVESpS19o-n0orNiH80G2YeAm4f,goods_search_result/bl,app_page_view,,
2019-09-20 06:31:54.326,PrMkKV7vDDo2oq2vYhUCnCyPmlMsfpge,goods_search_result/부츠컷청바지,app_page_view,,
2019-09-20 06:31:58.047,az0TriRoPMkOomMju2kw_LJmYi4V0BZF,shops_ranking,app_page_view,,
2019-09-20 06:32:10.207,az0TriRoPMkOomMju2kw_LJmYi4V0BZF,goods_search_result/멜빵,app_page_view,,
2019-09-20 06:32:12.440,_L3CXiJK7b7LmomhnX5uxrOs0DwqOK4Q,shops_bookmark,app_page_view,,
2019-09-20 06:32:20.818,4GrQDVKFuBwFaqNr4VXrSWqaQiWCNjWR,shops_bookmark,app_page_view,,
2019-09-20 06:32:22.227,_L3CXiJK7b7LmomhnX5uxrOs0DwqOK4Q,shops_bookmark,enter_browser,4932,141
2019-09-20 06:32:27.666,Ti4AIHvHwOPYy2sNcA2-f0N30Oo8BCCd,goods_search_result/도트 원피스,app_page_view,,
2019-09-20 06:32:29.325,PQzlEuIH1at0IxOZdOl5cJ-h_GFZTJdc,my_goods,app_page_view,,
2019-09-20 06:32:32.036,PQzlEuIH1at0IxOZdOl5cJ-h_GFZTJdc,my_goods,enter_browser,1484,142
2019-09-20 06:32:32.364,_L3CXiJK7b7LmomhnX5uxrOs0DwqOK4Q,shops_bookmark,app_page_view,,
2019-09-20 06:32:40.300,idiYcvn0nFTOFx3aZmGg_LvUEsXuLovD,goods_search_result/린넨스커트,app_page_view,,
2019-09-20 06:32:45.239,GQOycPpeCCzVyRlOclXdbWLE2iOkhfW_,shops_bookmark,app_page_view,,
2019-09-20 06:32:52.628,6OUwcnzrZ5pPJZ4y_VbasWbFxXEjEDiE,shops_ranking,enter_browser,2589,8
2019-09-20 06:32:55.848,kIPqo3plFaD9Le--h-DmOQERQXLweN7f,shops_ranking,app_page_view,,
2019-09-20 06:32:58.366,az0TriRoPMkOomMju2kw_LJmYi4V0BZF,goods_search_result/린넨,app_page_view,,
2019-09-20 06:32:58.514,6mM-y15MjooFtEtXel-GgoWw3HSvCMG9,shops_bookmark,app_page_view,,
2019-09-20 06:32:59.811,6mM-y15MjooFtEtXel-GgoWw3HSvCMG9,shops_bookmark,app_page_view,,
2019-09-20 06:33:00.162,3LffzcWX3Za2XP6ukSgRXpoMEc4NjNWF,shops_bookmark,app_page_view,,
2019-09-20 06:33:02.091,6mM-y15MjooFtEtXel-GgoWw3HSvCMG9,shops_bookmark,app_page_view,,
2019-09-20 06:33:03.084,6mM-y15MjooFtEtXel-GgoWw3HSvCMG9,shops_bookmark,enter_browser,,139
2019-09-20 06:33:03.714,Ti4AIHvHwOPYy2sNcA2-f0N30Oo8BCCd,goods_search_result/플라워 원피스,app_page_view,,
2019-09-20 06:33:04.388,9CBV-JRQZZ-hOhRJmC8dJnbVocIkKK7O,shops_ranking,app_page_view,,
2019-09-20 06:33:07.646,9CBV-JRQZZ-hOhRJmC8dJnbVocIkKK7O,shops_ranking,enter_browser,,46
2019-09-20 06:33:08.116,J4MhriLwKBesSgyxpKaoeRkunTpSfqci,my_goods,app_page_view,,
2019-09-20 06:33:18.151,6OUwcnzrZ5pPJZ4y_VbasWbFxXEjEDiE,shops_ranking,app_page_view,,
2019-09-20 06:33:24.309,6OUwcnzrZ5pPJZ4y_VbasWbFxXEjEDiE,shops_ranking,enter_browser,2432,8
2019-09-20 06:33:25.688,cOKDJo4JM0F9dnxd02jaRWoQWlthoWWu,shops_ranking,app_page_view,,
2019-09-20 06:33:35.652,6OUwcnzrZ5pPJZ4y_VbasWbFxXEjEDiE,shops_ranking,app_page_view,,
2019-09-20 06:33:36.010,4eV1w1ONY7N6PfEETef9a5Ic5SLZoeGX,shops_bookmark,app_page_view,,
2019-09-20 06:33:38.101,7aMp180Ps_p83KODitibmLr0N2qZF1lm,shops_bookmark,app_page_view,,
2019-09-20 06:33:53.492,HPX9BDC8Dw3983QxgdLLUzHvMWJS1PsB,goods_search_result/블라우스,app_page_view,,
2019-09-20 06:33:55.408,9CBV-JRQZZ-hOhRJmC8dJnbVocIkKK7O,shops_ranking,app_page_view,,
2019-09-20 06:33:56.260,4eV1w1ONY7N6PfEETef9a5Ic5SLZoeGX,shops_ranking,app_page_view,,
2019-09-20 06:33:57.917,HPX9BDC8Dw3983QxgdLLUzHvMWJS1PsB,goods_search_result/블라우스,enter_browser,6102,3
2019-09-20 06:33:59.084,az0TriRoPMkOomMju2kw_LJmYi4V0BZF,category_search_result/원피스,app_page_view,,
2019-09-20 06:34:06.917,7H4aaixSHE7kteSdwlZlMat_RWvTbGGX,category_search_result/원피스,app_page_view,,
2019-09-20 06:34:07.525,eQP3wwSLBEyfCNooJaquF8AdxkLjCqdC,my_goods,app_page_view,,
2019-09-20 06:34:13.620,eQP3wwSLBEyfCNooJaquF8AdxkLjCqdC,my_goods,enter_browser,4146,14
2019-09-20 06:34:14.853,6OUwcnzrZ5pPJZ4y_VbasWbFxXEjEDiE,shops_ranking,enter_browser,1843,8
2019-09-20 06:34:16.330,4eV1w1ONY7N6PfEETef9a5Ic5SLZoeGX,shops_bookmark,app_page_view,,
2019-09-20 06:34:16.831,9CBV-JRQZZ-hOhRJmC8dJnbVocIkKK7O,goods_search_result/래쉬가드,app_page_view,,
2019-09-20 06:34:20.472,XMfOr6hw3J-Y6e-ZpJYCUT7-FfC1z1M7,my_goods,app_page_view,,
2019-09-20 06:34:22.643,XMfOr6hw3J-Y6e-ZpJYCUT7-FfC1z1M7,my_goods,enter_browser,4680,74
2019-09-20 06:34:22.841,XMfOr6hw3J-Y6e-ZpJYCUT7-FfC1z1M7,my_goods,remove_my_goods,4680,74
2019-09-20 06:34:25.413,mwlGYkWlmRkDhHt5YPUfnIjElXHl379z,shops_ranking,app_page_view,,
2019-09-20 06:34:26.324,0kWYTXVESpS19o-n0orNiH80G2YeAm4f,goods_search_result/bl,app_page_view,,
2019-09-20 06:34:26.428,eEO-fhzUl4S39yviwphV_uM9ZgJrPchM,shops_bookmark,app_page_view,,
2019-09-20 06:34:27.538,eEO-fhzUl4S39yviwphV_uM9ZgJrPchM,shops_bookmark,enter_browser,,122
2019-09-20 06:34:35.501,4eV1w1ONY7N6PfEETef9a5Ic5SLZoeGX,shops_bookmark,app_page_view,,
2019-09-20 06:34:36.116,qMmfx4Mi0Gn-nwfefxc-mTwoR4AhnoAc,shops_bookmark,app_page_view,,
2019-09-20 06:34:36.448,4eV1w1ONY7N6PfEETef9a5Ic5SLZoeGX,shops_bookmark,app_page_view,,
2019-09-20 06:34:37.892,qMmfx4Mi0Gn-nwfefxc-mTwoR4AhnoAc,shops_bookmark,app_page_view,,
2019-09-20 06:34:38.241,6mM-y15MjooFtEtXel-GgoWw3HSvCMG9,shops_bookmark,app_page_view,,
2019-09-20 06:34:38.878,4eV1w1ONY7N6PfEETef9a5Ic5SLZoeGX,shops_bookmark,app_page_view,,
2019-09-20 06:34:40.250,athdDFgN4WljQkqkPivy5aiHUcNiohP2,shops_ranking,app_page_view,,
2019-09-20 06:34:41.271,4eV1w1ONY7N6PfEETef9a5Ic5SLZoeGX,my_goods,app_page_view,,
2019-09-20 06:34:42.755,4eV1w1ONY7N6PfEETef9a5Ic5SLZoeGX,my_goods,enter_browser,527,12
2019-09-20 06:34:46.655,OcgV2JpMTGc5Y-_Af7sj2oPRNUyPFcFC,goods_search_result/원피스,app_page_view,,
2019-09-20 06:34:52.664,HPX9BDC8Dw3983QxgdLLUzHvMWJS1PsB,goods_search_result/블라우스,app_page_view,,
2019-09-20 06:34:57.207,0kWYTXVESpS19o-n0orNiH80G2YeAm4f,goods_search_result/린넨바지,app_page_view,,
2019-09-20 06:35:08.421,0BDgEfQJwF0cudqtYkzIKniWA3D9-iwU,category_search_result/가방,app_page_view,,
2019-09-20 06:35:11.244,-bW8vR_yKhs40MmASelnYoyY3daCIMkW,my_goods,app_page_view,,
2019-09-20 06:35:12.345,uLGwMb1BhDFypofu8a--6aRoeyJKeGNG,my_goods,enter_browser,2131,22
2019-09-20 06:35:13.006,9CBV-JRQZZ-hOhRJmC8dJnbVocIkKK7O,goods_search_result/래쉬가드,app_page_view,,
2019-09-20 06:35:25.820,fWxQs-T3XaRQ9AeTosq8Nq03HsRsE27D,shops_bookmark,app_page_view,,
2019-09-20 06:35:28.341,eEO-fhzUl4S39yviwphV_uM9ZgJrPchM,shops_bookmark,app_page_view,,
2019-09-20 06:35:36.140,fWxQs-T3XaRQ9AeTosq8Nq03HsRsE27D,shops_bookmark,app_page_view,,
2019-09-20 06:35:38.526,R2fGh_bhsow3oGIaewkjUDy-4yADcx7T,shops_bookmark,app_page_view,,
2019-09-20 06:35:41.667,fWxQs-T3XaRQ9AeTosq8Nq03HsRsE27D,category_search_result/원피스,app_page_view,,
2019-09-20 06:35:46.955,0BDgEfQJwF0cudqtYkzIKniWA3D9-iwU,category_search_result/가방,enter_browser,5663,142
2019-09-20 06:35:49.881,az0TriRoPMkOomMju2kw_LJmYi4V0BZF,category_search_result/원피스,enter_browser,4812,46
2019-09-20 06:35:56.307,az0TriRoPMkOomMju2kw_LJmYi4V0BZF,category_search_result/원피스,add_my_goods,4812,46
2019-09-20 06:36:02.169,YDqUVd6OwZNYACAsJnHiIA0-N500slRV,shops_ranking,app_page_view,,
2019-09-20 06:36:04.518,fiKjV5ky2MVSRWX-G8WtHQLtZPKCv62-,my_goods,enter_browser,649,109
2019-09-20 06:36:06.971,J4MhriLwKBesSgyxpKaoeRkunTpSfqci,my_goods,app_page_view,,
2019-09-20 06:36:12.360,rNcElzshjd-dYOziRMNJFJQbludRrD7h,shops_bookmark,app_page_view,,
2019-09-20 06:36:13.074,XMfOr6hw3J-Y6e-ZpJYCUT7-FfC1z1M7,my_goods,app_page_view,,
2019-09-20 06:36:13.700,1WvmJ2K50lVupBdV8NDihwOabfqF9oTz,goods_search_result/체크탑,app_page_view,,
2019-09-20 06:36:18.180,gFDIdXDvUs0-glHy_YknQ8LAQJRCBc78,shops_bookmark,app_page_view,,
2019-09-20 06:36:18.365,dn2XHMUPDL262Qs46QFNP2GlmS6p1xm0,shops_bookmark,app_page_view,,
2019-09-20 06:36:18.665,qMmfx4Mi0Gn-nwfefxc-mTwoR4AhnoAc,shops_bookmark,app_page_view,,
2019-09-20 06:36:35.523,Pnd57XayAdPWq5sF_5gNfUS7t8C1jwM_,category_search_result/상의,enter_browser,5626,43
2019-09-20 06:36:44.110,3LffzcWX3Za2XP6ukSgRXpoMEc4NjNWF,shops_bookmark,app_page_view,,
2019-09-20 06:36:46.340,mwlGYkWlmRkDhHt5YPUfnIjElXHl379z,shops_ranking,app_page_view,,
2019-09-20 06:36:50.486,gFDIdXDvUs0-glHy_YknQ8LAQJRCBc78,shops_bookmark,enter_browser,1818,73
2019-09-20 06:36:57.805,J4MhriLwKBesSgyxpKaoeRkunTpSfqci,shops_bookmark,app_page_view,,
2019-09-20 06:36:59.787,3LffzcWX3Za2XP6ukSgRXpoMEc4NjNWF,shops_bookmark,enter_browser,5748,186
2019-09-20 06:37:00.716,3LffzcWX3Za2XP6ukSgRXpoMEc4NjNWF,shops_bookmark,add_my_goods,5748,186
2019-09-20 06:37:01.723,3LffzcWX3Za2XP6ukSgRXpoMEc4NjNWF,shops_bookmark,app_page_view,,
2019-09-20 06:37:04.979,qMmfx4Mi0Gn-nwfefxc-mTwoR4AhnoAc,shops_bookmark,app_page_view,,
2019-09-20 06:37:05.665,mwlGYkWlmRkDhHt5YPUfnIjElXHl379z,shops_ranking,enter_browser,4857,38
2019-09-20 06:37:06.663,qMmfx4Mi0Gn-nwfefxc-mTwoR4AhnoAc,shops_ranking,app_page_view,,
2019-09-20 06:37:07.312,cYWcbNSU3cH9UDTc1B7E4vMmB-rtln30,my_goods,app_page_view,,
2019-09-20 06:37:08.794,cYWcbNSU3cH9UDTc1B7E4vMmB-rtln30,shops_bookmark,app_page_view,,
2019-09-20 06:37:08.828,3LffzcWX3Za2XP6ukSgRXpoMEc4NjNWF,shops_bookmark,enter_browser,6191,186
2019-09-20 06:37:09.825,3LffzcWX3Za2XP6ukSgRXpoMEc4NjNWF,shops_bookmark,add_my_goods,6191,186
2019-09-20 06:37:15.257,0BDgEfQJwF0cudqtYkzIKniWA3D9-iwU,my_goods,app_page_view,,
2019-09-20 06:37:16.054,athdDFgN4WljQkqkPivy5aiHUcNiohP2,shops_ranking,app_page_view,,
2019-09-20 06:37:17.609,athdDFgN4WljQkqkPivy5aiHUcNiohP2,shops_ranking,app_page_view,,
2019-09-20 06:37:18.338,3LffzcWX3Za2XP6ukSgRXpoMEc4NjNWF,shops_bookmark,app_page_view,,
2019-09-20 06:37:21.033,3LffzcWX3Za2XP6ukSgRXpoMEc4NjNWF,shops_bookmark,app_page_view,,
2019-09-20 06:37:37.501,Ti4AIHvHwOPYy2sNcA2-f0N30Oo8BCCd,goods_search_result/원피스 수영복,app_page_view,,
2019-09-20 06:37:43.367,Ti4AIHvHwOPYy2sNcA2-f0N30Oo8BCCd,goods_search_result/원피스 수영복,enter_browser,6018,53
2019-09-20 06:37:47.172,cYWcbNSU3cH9UDTc1B7E4vMmB-rtln30,shops_bookmark,app_page_view,,
2019-09-20 06:37:49.837,mwlGYkWlmRkDhHt5YPUfnIjElXHl379z,shops_ranking,app_page_view,,
2019-09-20 06:38:01.021,mwlGYkWlmRkDhHt5YPUfnIjElXHl379z,shops_ranking,enter_browser,4858,38
2019-09-20 06:38:01.968,3LffzcWX3Za2XP6ukSgRXpoMEc4NjNWF,shops_bookmark,app_page_view,,
2019-09-20 06:38:06.254,athdDFgN4WljQkqkPivy5aiHUcNiohP2,shops_ranking,app_page_view,,
2019-09-20 06:38:07.014,3LffzcWX3Za2XP6ukSgRXpoMEc4NjNWF,shops_bookmark,app_page_view,,
2019-09-20 06:38:09.162,6pJr34FRIAnmr6zpDq6U4DuegLqGnTc_,shops_ranking,app_page_view,,
2019-09-20 06:38:09.250,J4MhriLwKBesSgyxpKaoeRkunTpSfqci,shops_bookmark,app_page_view,,
2019-09-20 06:38:09.970,J4MhriLwKBesSgyxpKaoeRkunTpSfqci,my_goods,app_page_view,,
2019-09-20 06:38:12.311,3LffzcWX3Za2XP6ukSgRXpoMEc4NjNWF,shops_bookmark,app_page_view,,
2019-09-20 06:38:14.230,3LffzcWX3Za2XP6ukSgRXpoMEc4NjNWF,shops_bookmark,enter_browser,6254,65
2019-09-20 06:38:17.401,az0TriRoPMkOomMju2kw_LJmYi4V0BZF,category_search_result/원피스,enter_browser,4237,32
2019-09-20 06:38:17.500,3LffzcWX3Za2XP6ukSgRXpoMEc4NjNWF,shops_bookmark,add_my_goods,6254,65
2019-09-20 06:38:18.145,qMmfx4Mi0Gn-nwfefxc-mTwoR4AhnoAc,shops_ranking,app_page_view,,
2019-09-20 06:38:18.513,3LffzcWX3Za2XP6ukSgRXpoMEc4NjNWF,shops_bookmark,app_page_view,,
2019-09-20 06:38:24.766,F7yTHfjQg5uSEFEqbFyUQuH5wNbYlDw_,category_search_result/상의,app_page_view,,
2019-09-20 06:38:25.113,3LffzcWX3Za2XP6ukSgRXpoMEc4NjNWF,shops_bookmark,enter_browser,6218,65
2019-09-20 06:38:25.244,DrRZrQu-K5qVeU2YXt8NEiY8fKHfVlY2,shops_bookmark,app_page_view,,
2019-09-20 06:38:27.368,DrRZrQu-K5qVeU2YXt8NEiY8fKHfVlY2,my_goods,app_page_view,,
2019-09-20 06:38:28.444,6OUwcnzrZ5pPJZ4y_VbasWbFxXEjEDiE,shops_ranking,app_page_view,,
2019-09-20 06:38:28.860,3LffzcWX3Za2XP6ukSgRXpoMEc4NjNWF,shops_bookmark,add_my_goods,6218,65
2019-09-20 06:38:40.904,6mM-y15MjooFtEtXel-GgoWw3HSvCMG9,shops_ranking,app_page_view,,
2019-09-20 06:38:42.365,6mM-y15MjooFtEtXel-GgoWw3HSvCMG9,shops_ranking,enter_browser,,60
2019-09-20 06:38:48.137,DrRZrQu-K5qVeU2YXt8NEiY8fKHfVlY2,my_goods,enter_browser,1889,38
2019-09-20 06:38:52.542,J4MhriLwKBesSgyxpKaoeRkunTpSfqci,shops_bookmark,app_page_view,,
2019-09-20 06:39:04.259,az0TriRoPMkOomMju2kw_LJmYi4V0BZF,category_search_result/원피스,enter_browser,4192,46
2019-09-20 06:39:12.830,vnwNAeFZwfKXl3gjvQoc8jlYRnAkJtUx,shops_bookmark,enter_browser,,36
2019-09-20 06:39:15.016,DrRZrQu-K5qVeU2YXt8NEiY8fKHfVlY2,my_goods,app_page_view,,
2019-09-20 06:39:24.264,J4MhriLwKBesSgyxpKaoeRkunTpSfqci,shops_bookmark,enter_browser,3073,136
2019-09-20 06:39:24.613,Pnd57XayAdPWq5sF_5gNfUS7t8C1jwM_,category_search_result/상의,app_page_view,,
2019-09-20 06:39:24.657,J4MhriLwKBesSgyxpKaoeRkunTpSfqci,shops_bookmark,add_my_goods,3073,136
2019-09-20 06:39:26.129,J4MhriLwKBesSgyxpKaoeRkunTpSfqci,shops_bookmark,app_page_view,,
2019-09-20 06:39:26.664,nMpMaBPgl5XBTz_ERHnPpllvGSbv7yQD,shops_ranking,app_page_view,,
2019-09-20 06:39:27.054,J4MhriLwKBesSgyxpKaoeRkunTpSfqci,shops_bookmark,enter_browser,,136
2019-09-20 06:39:29.151,6OUwcnzrZ5pPJZ4y_VbasWbFxXEjEDiE,shops_ranking,app_page_view,,
2019-09-20 06:39:32.433,az0TriRoPMkOomMju2kw_LJmYi4V0BZF,category_search_result/원피스,add_my_goods,4192,46
2019-09-20 06:39:32.703,sxwxdtTMgIO5kpfICVUu4zd5t11tD5Tx,shops_ranking,app_page_view,,
2019-09-20 06:39:33.759,Y7GdbrR_nHB3smnk-512KNFhg7oOir27,goods_search_result/뷔스티에원피스,app_page_view,,
2019-09-20 06:39:35.810,V5OSGbsarin_RZ4_r20Sex_pubDuv_xW,shops_bookmark,app_page_view,,
2019-09-20 06:39:39.952,7H4aaixSHE7kteSdwlZlMat_RWvTbGGX,goods_search_result/체크 원피스,app_page_view,,
2019-09-20 06:39:41.156,V5OSGbsarin_RZ4_r20Sex_pubDuv_xW,shops_ranking,app_page_view,,
2019-09-20 06:39:46.892,GQOycPpeCCzVyRlOclXdbWLE2iOkhfW_,shops_bookmark,app_page_view,,
2019-09-20 06:39:48.199,GQOycPpeCCzVyRlOclXdbWLE2iOkhfW_,shops_ranking,app_page_view,,
2019-09-20 06:39:54.363,GQOycPpeCCzVyRlOclXdbWLE2iOkhfW_,category_search_result/바지,app_page_view,,
2019-09-20 06:39:56.851,GQOycPpeCCzVyRlOclXdbWLE2iOkhfW_,category_search_result/바지,app_page_view,,
2019-09-20 06:40:00.922,cmke5jyMT9RgvJ_l2fXs7glCGj72cgxE,my_goods,app_page_view,,
2019-09-20 06:40:06.465,7H4aaixSHE7kteSdwlZlMat_RWvTbGGX,goods_search_result/체크 원피스,enter_browser,1743,8
2019-09-20 06:40:07.911,mwlGYkWlmRkDhHt5YPUfnIjElXHl379z,shops_ranking,app_page_view,,
2019-09-20 06:40:09.043,7H4aaixSHE7kteSdwlZlMat_RWvTbGGX,goods_search_result/체크 원피스,app_page_view,,
2019-09-20 06:40:11.191,6mM-y15MjooFtEtXel-GgoWw3HSvCMG9,shops_ranking,add_my_goods,1186,60
2019-09-20 06:40:18.182,idiYcvn0nFTOFx3aZmGg_LvUEsXuLovD,goods_search_result/린넨스커트,enter_browser,3210,52
2019-09-20 06:40:26.187,cOKDJo4JM0F9dnxd02jaRWoQWlthoWWu,shops_ranking,app_page_view,,
2019-09-20 06:40:31.008,8qPdfSzqNAIpDB0vmMgYVzU0bBEJYXc9,goods_search_result/투피스,app_page_view,,
2019-09-20 06:40:36.356,V5OSGbsarin_RZ4_r20Sex_pubDuv_xW,shops_ranking,app_page_view,,
2019-09-20 06:40:39.843,J4MhriLwKBesSgyxpKaoeRkunTpSfqci,shops_bookmark,app_page_view,,
2019-09-20 06:40:40.961,J4MhriLwKBesSgyxpKaoeRkunTpSfqci,shops_bookmark,app_page_view,,
2019-09-20 06:40:44.438,6mM-y15MjooFtEtXel-GgoWw3HSvCMG9,shops_ranking,app_page_view,,
2019-09-20 06:40:47.731,fiKjV5ky2MVSRWX-G8WtHQLtZPKCv62-,my_goods,app_page_view,,
2019-09-20 06:40:49.719,fiKjV5ky2MVSRWX-G8WtHQLtZPKCv62-,my_goods,enter_browser,647,109
2019-09-20 06:40:50.126,8qPdfSzqNAIpDB0vmMgYVzU0bBEJYXc9,goods_search_result/투피스,enter_browser,1269,92
2019-09-20 06:40:51.476,8qPdfSzqNAIpDB0vmMgYVzU0bBEJYXc9,goods_search_result/투피스,add_my_goods,1269,92
2019-09-20 06:40:54.604,R2fGh_bhsow3oGIaewkjUDy-4yADcx7T,my_goods,app_page_view,,
2019-09-20 06:40:59.787,mwlGYkWlmRkDhHt5YPUfnIjElXHl379z,shops_ranking,app_page_view,,
2019-09-20 06:41:00.267,R2fGh_bhsow3oGIaewkjUDy-4yADcx7T,my_goods,enter_browser,1902,1
2019-09-20 06:41:01.841,R2fGh_bhsow3oGIaewkjUDy-4yADcx7T,my_goods,app_page_view,,
2019-09-20 06:41:03.095,R2fGh_bhsow3oGIaewkjUDy-4yADcx7T,my_goods,enter_browser,1903,1
2019-09-20 06:41:06.738,cB4dxsuPcxDxlDnhM9D-VPb-45m_qOzr,my_goods,app_page_view,,
2019-09-20 06:41:10.929,nMpMaBPgl5XBTz_ERHnPpllvGSbv7yQD,shops_ranking,app_page_view,,
2019-09-20 06:41:16.782,6mM-y15MjooFtEtXel-GgoWw3HSvCMG9,my_goods,app_page_view,,
2019-09-20 06:41:18.290,fWxQs-T3XaRQ9AeTosq8Nq03HsRsE27D,category_search_result/원피스,enter_browser,3217,186
2019-09-20 06:41:24.383,HIwhjdoHqQw4Agi2-H1VD7a2ckuNSOxU,shops_bookmark,app_page_view,,
2019-09-20 06:41:25.670,6mM-y15MjooFtEtXel-GgoWw3HSvCMG9,shops_ranking,app_page_view,,
2019-09-20 06:41:25.772,YvRGOECgBcKWqck24ukV67kWSTBWEuhf,shops_ranking,app_page_view,,
2019-09-20 06:41:26.408,YvRGOECgBcKWqck24ukV67kWSTBWEuhf,shops_bookmark,app_page_view,,
2019-09-20 06:41:27.807,6mM-y15MjooFtEtXel-GgoWw3HSvCMG9,shops_ranking,enter_browser,,19
2019-09-20 06:41:30.042,mwlGYkWlmRkDhHt5YPUfnIjElXHl379z,shops_ranking,app_page_view,,
2019-09-20 06:41:37.440,7H4aaixSHE7kteSdwlZlMat_RWvTbGGX,goods_search_result/체크 원피스,enter_browser,3635,38
2019-09-20 06:41:43.419,4nqg988GFxQp4LLbW5onMflj54WlJvra,shops_bookmark,app_page_view,,
2019-09-20 06:41:49.490,kBa29Tn7C65OltyjO0GZC-TkgR4XMZmv,goods_search_result/후드,app_page_view,,
2019-09-20 06:41:56.883,Pnd57XayAdPWq5sF_5gNfUS7t8C1jwM_,my_goods,app_page_view,,
2019-09-20 06:42:02.371,vnwNAeFZwfKXl3gjvQoc8jlYRnAkJtUx,shops_bookmark,app_page_view,,
2019-09-20 06:42:02.888,L6Laz9y_SY8y2Ou6lsmwQlblj4OaTd58,shops_ranking,app_page_view,,
2019-09-20 06:42:06.045,L6Laz9y_SY8y2Ou6lsmwQlblj4OaTd58,shops_bookmark,app_page_view,,
2019-09-20 06:42:11.068,YvRGOECgBcKWqck24ukV67kWSTBWEuhf,shops_ranking,app_page_view,,
2019-09-20 06:42:17.865,L6Laz9y_SY8y2Ou6lsmwQlblj4OaTd58,shops_bookmark,enter_browser,6040,89
2019-09-20 06:42:18.227,0lBszkbz9kovzQT9kFqxmdF3dZgBySl6,goods_search_result/슬립,app_page_view,,
2019-09-20 06:42:19.037,YDqUVd6OwZNYACAsJnHiIA0-N500slRV,goods_search_result/원피스,app_page_view,,
2019-09-20 06:42:20.785,7aMp180Ps_p83KODitibmLr0N2qZF1lm,shops_bookmark,app_page_view,,
2019-09-20 06:42:21.766,kBa29Tn7C65OltyjO0GZC-TkgR4XMZmv,goods_search_result/후드집업,app_page_view,,
2019-09-20 06:42:22.688,J4MhriLwKBesSgyxpKaoeRkunTpSfqci,shops_bookmark,app_page_view,,
2019-09-20 06:42:23.244,J4MhriLwKBesSgyxpKaoeRkunTpSfqci,my_goods,app_page_view,,
2019-09-20 06:42:26.914,kBa29Tn7C65OltyjO0GZC-TkgR4XMZmv,goods_search_result/후드집업,add_my_goods,3061,60
2019-09-20 06:42:27.326,V5OSGbsarin_RZ4_r20Sex_pubDuv_xW,shops_ranking,app_page_view,,
2019-09-20 06:42:30.457,V5OSGbsarin_RZ4_r20Sex_pubDuv_xW,shops_ranking,enter_browser,5599,8
2019-09-20 06:42:35.184,idiYcvn0nFTOFx3aZmGg_LvUEsXuLovD,goods_search_result/린넨스커트,app_page_view,,
2019-09-20 06:42:35.943,fAl0Uhkq65DwZieO30cTREz95WOF_VjX,my_goods,app_page_view,,
2019-09-20 06:42:40.731,0lBszkbz9kovzQT9kFqxmdF3dZgBySl6,goods_search_result/슬립,enter_browser,5822,137
2019-09-20 06:42:41.837,F7yTHfjQg5uSEFEqbFyUQuH5wNbYlDw_,category_search_result/바지,app_page_view,,
2019-09-20 06:42:44.927,qMmfx4Mi0Gn-nwfefxc-mTwoR4AhnoAc,shops_ranking,app_page_view,,
2019-09-20 06:42:46.529,F7yTHfjQg5uSEFEqbFyUQuH5wNbYlDw_,my_goods,app_page_view,,
2019-09-20 06:42:50.566,Pnd57XayAdPWq5sF_5gNfUS7t8C1jwM_,my_goods,app_page_view,,
2019-09-20 06:42:53.713,9CBV-JRQZZ-hOhRJmC8dJnbVocIkKK7O,goods_search_result/비키니,app_page_view,,
2019-09-20 06:42:55.996,cB4dxsuPcxDxlDnhM9D-VPb-45m_qOzr,my_goods,app_page_view,,
2019-09-20 06:42:58.430,L6Laz9y_SY8y2Ou6lsmwQlblj4OaTd58,shops_bookmark,app_page_view,,
2019-09-20 06:42:59.783,L6Laz9y_SY8y2Ou6lsmwQlblj4OaTd58,shops_bookmark,add_my_goods,6041,89
2019-09-20 06:43:00.588,YvRGOECgBcKWqck24ukV67kWSTBWEuhf,shops_bookmark,app_page_view,,
2019-09-20 06:43:02.794,HPX9BDC8Dw3983QxgdLLUzHvMWJS1PsB,shops_bookmark,app_page_view,,
2019-09-20 06:43:04.036,F7yTHfjQg5uSEFEqbFyUQuH5wNbYlDw_,shops_ranking,app_page_view,,
2019-09-20 06:43:04.528,L6Laz9y_SY8y2Ou6lsmwQlblj4OaTd58,shops_bookmark,enter_browser,4869,89
2019-09-20 06:43:05.776,9CBV-JRQZZ-hOhRJmC8dJnbVocIkKK7O,goods_search_result/비키니,enter_browser,2584,36
2019-09-20 06:43:10.407,F7yTHfjQg5uSEFEqbFyUQuH5wNbYlDw_,goods_search_result/라라봉 반팔,app_page_view,,
2019-09-20 06:43:13.787,cB4dxsuPcxDxlDnhM9D-VPb-45m_qOzr,my_goods,enter_browser,1792,51
2019-09-20 06:43:15.707,L6Laz9y_SY8y2Ou6lsmwQlblj4OaTd58,shops_bookmark,app_page_view,,
2019-09-20 06:43:17.303,eQP3wwSLBEyfCNooJaquF8AdxkLjCqdC,my_goods,app_page_view,,
2019-09-20 06:43:19.877,L6Laz9y_SY8y2Ou6lsmwQlblj4OaTd58,shops_bookmark,enter_browser,5571,89
2019-09-20 06:43:20.118,YvRGOECgBcKWqck24ukV67kWSTBWEuhf,shops_bookmark,app_page_view,,
2019-09-20 06:43:22.837,F7yTHfjQg5uSEFEqbFyUQuH5wNbYlDw_,shops_ranking,app_page_view,,
2019-09-20 06:43:28.647,V5OSGbsarin_RZ4_r20Sex_pubDuv_xW,shops_ranking,app_page_view,,
2019-09-20 06:43:32.403,6OUwcnzrZ5pPJZ4y_VbasWbFxXEjEDiE,shops_ranking,app_page_view,,
2019-09-20 06:43:33.160,IDa_2y3XRBHGeqAwR7npCetNC-8mkQCe,shops_bookmark,app_page_view,,
2019-09-20 06:43:35.442,MO1gctO2k1ZUKJni29y2BWDHwDu96Hjn,goods_search_result/청치마반바지,app_page_view,,
2019-09-20 06:43:36.207,L6Laz9y_SY8y2Ou6lsmwQlblj4OaTd58,shops_bookmark,app_page_view,,
2019-09-20 06:43:36.229,qMmfx4Mi0Gn-nwfefxc-mTwoR4AhnoAc,shops_ranking,app_page_view,,
2019-09-20 06:43:36.466,9CBV-JRQZZ-hOhRJmC8dJnbVocIkKK7O,goods_search_result/비키니,app_page_view,,
2019-09-20 06:43:37.121,L6Laz9y_SY8y2Ou6lsmwQlblj4OaTd58,shops_bookmark,enter_browser,5572,89
2019-09-20 06:43:40.291,cB4dxsuPcxDxlDnhM9D-VPb-45m_qOzr,my_goods,app_page_view,,
2019-09-20 06:43:42.141,cB4dxsuPcxDxlDnhM9D-VPb-45m_qOzr,my_goods,enter_browser,1792,51
2019-09-20 06:43:42.964,cOKDJo4JM0F9dnxd02jaRWoQWlthoWWu,shops_ranking,add_bookmark,,14
2019-09-20 06:43:43.190,V5OSGbsarin_RZ4_r20Sex_pubDuv_xW,shops_bookmark,app_page_view,,
2019-09-20 06:43:48.577,MO1gctO2k1ZUKJni29y2BWDHwDu96Hjn,goods_search_result/청치마,app_page_view,,
2019-09-20 06:43:59.753,L6Laz9y_SY8y2Ou6lsmwQlblj4OaTd58,shops_bookmark,app_page_view,,
2019-09-20 06:44:00.348,L6Laz9y_SY8y2Ou6lsmwQlblj4OaTd58,shops_bookmark,add_my_goods,5572,89
2019-09-20 06:44:01.494,NdxTA3HuYYus6VzuR05Lo5aO6QckSq-0,category_search_result/아우터,app_page_view,,
2019-09-20 06:44:02.647,1HYpmK191903zM4bePZXe4asdhwuZViN,goods_search_result/에코백,app_page_view,,
2019-09-20 06:44:02.977,Y7GdbrR_nHB3smnk-512KNFhg7oOir27,my_goods,app_page_view,,
2019-09-20 06:44:07.065,6mM-y15MjooFtEtXel-GgoWw3HSvCMG9,shops_ranking,app_page_view,,
2019-09-20 06:44:10.624,0lBszkbz9kovzQT9kFqxmdF3dZgBySl6,goods_search_result/슬립,app_page_view,,
2019-09-20 06:44:18.438,4nqg988GFxQp4LLbW5onMflj54WlJvra,shops_bookmark,app_page_view,,
2019-09-20 06:44:18.693,l7knMP33CEKIvDbjE5kedvoPvO6eTYJx,shops_bookmark,app_page_view,,
2019-09-20 06:44:19.307,L6Laz9y_SY8y2Ou6lsmwQlblj4OaTd58,shops_bookmark,enter_browser,4854,89
2019-09-20 06:44:20.199,1HYpmK191903zM4bePZXe4asdhwuZViN,goods_search_result/에코백,enter_browser,2758,22
2019-09-20 06:44:20.842,4nqg988GFxQp4LLbW5onMflj54WlJvra,shops_bookmark,app_page_view,,
2019-09-20 06:44:24.830,Y7GdbrR_nHB3smnk-512KNFhg7oOir27,goods_search_result/귀걸이,app_page_view,,
2019-09-20 06:44:24.844,kBa29Tn7C65OltyjO0GZC-TkgR4XMZmv,goods_search_result/후드집업,app_page_view,,
2019-09-20 06:44:25.959,YDqUVd6OwZNYACAsJnHiIA0-N500slRV,goods_search_result/원피스,add_my_goods,3223,52
2019-09-20 06:44:27.377,wvvLrXdlJBE2Afm5dy16PMaLV5u5TPTi,goods_search_result/에코백,app_page_view,,
2019-09-20 06:44:27.418,0lBszkbz9kovzQT9kFqxmdF3dZgBySl6,goods_search_result/파자마,app_page_view,,
2019-09-20 06:44:27.948,cmke5jyMT9RgvJ_l2fXs7glCGj72cgxE,my_goods,enter_browser,6101,3
2019-09-20 06:44:31.710,L6Laz9y_SY8y2Ou6lsmwQlblj4OaTd58,shops_bookmark,app_page_view,,
2019-09-20 06:44:32.165,NdxTA3HuYYus6VzuR05Lo5aO6QckSq-0,category_search_result/상의,app_page_view,,
2019-09-20 06:44:32.266,p0hSaKt6SB7JMixFmJ2TD894gHXAcRbd,my_goods,app_page_view,,
2019-09-20 06:44:33.791,L6Laz9y_SY8y2Ou6lsmwQlblj4OaTd58,shops_bookmark,add_my_goods,4854,89
2019-09-20 06:44:37.679,Y7GdbrR_nHB3smnk-512KNFhg7oOir27,goods_search_result/귀걸이,enter_browser,4457,193
2019-09-20 06:44:38.271,L6Laz9y_SY8y2Ou6lsmwQlblj4OaTd58,shops_bookmark,enter_browser,4853,89
2019-09-20 06:44:41.840,cB4dxsuPcxDxlDnhM9D-VPb-45m_qOzr,my_goods,app_page_view,,
2019-09-20 06:44:41.930,qMmfx4Mi0Gn-nwfefxc-mTwoR4AhnoAc,shops_ranking,app_page_view,,
2019-09-20 06:44:44.001,YDqUVd6OwZNYACAsJnHiIA0-N500slRV,goods_search_result/원피스,add_my_goods,6485,38
2019-09-20 06:44:46.632,p0hSaKt6SB7JMixFmJ2TD894gHXAcRbd,category_search_result/원피스,app_page_view,,
2019-09-20 06:44:50.822,1HYpmK191903zM4bePZXe4asdhwuZViN,goods_search_result/에코백,app_page_view,,
2019-09-20 06:44:57.767,MO1gctO2k1ZUKJni29y2BWDHwDu96Hjn,goods_search_result/청치마,enter_browser,4222,6
2019-09-20 06:45:01.977,idiYcvn0nFTOFx3aZmGg_LvUEsXuLovD,goods_search_result/린넨스커트,app_page_view,,
2019-09-20 06:45:04.181,cmke5jyMT9RgvJ_l2fXs7glCGj72cgxE,my_goods,app_page_view,,
2019-09-20 06:45:05.865,L6Laz9y_SY8y2Ou6lsmwQlblj4OaTd58,shops_bookmark,app_page_view,,
2019-09-20 06:45:06.895,L6Laz9y_SY8y2Ou6lsmwQlblj4OaTd58,shops_bookmark,add_my_goods,4853,89
2019-09-20 06:45:10.350,ndTmG_hpICDakNfDBoWDYKSDS4soNCdV,shops_ranking,app_page_view,,
2019-09-20 06:45:11.409,ndTmG_hpICDakNfDBoWDYKSDS4soNCdV,shops_bookmark,app_page_view,,
2019-09-20 06:45:11.815,Pnd57XayAdPWq5sF_5gNfUS7t8C1jwM_,goods_search_result/린넨,app_page_view,,
2019-09-20 06:45:12.575,ndTmG_hpICDakNfDBoWDYKSDS4soNCdV,my_goods,app_page_view,,
2019-09-20 06:45:13.912,YvRGOECgBcKWqck24ukV67kWSTBWEuhf,shops_ranking,app_page_view,,
2019-09-20 06:45:14.717,Y7GdbrR_nHB3smnk-512KNFhg7oOir27,goods_search_result/귀걸이,add_my_goods,4536,193
2019-09-20 06:45:16.291,Y7GdbrR_nHB3smnk-512KNFhg7oOir27,goods_search_result/귀걸이,app_page_view,,
2019-09-20 06:45:17.266,L6Laz9y_SY8y2Ou6lsmwQlblj4OaTd58,shops_bookmark,enter_browser,4093,89
2019-09-20 06:45:25.273,nsyJAmaWES2ZR7zwFvRl9oD0N45fMTmY,goods_search_result/오프숄더,app_page_view,,
2019-09-20 06:45:28.110,6OUwcnzrZ5pPJZ4y_VbasWbFxXEjEDiE,shops_ranking,app_page_view,,
2019-09-20 06:45:29.400,L6Laz9y_SY8y2Ou6lsmwQlblj4OaTd58,shops_bookmark,app_page_view,,
2019-09-20 06:45:30.643,YvRGOECgBcKWqck24ukV67kWSTBWEuhf,shops_ranking,app_page_view,,
2019-09-20 06:45:35.228,YDqUVd6OwZNYACAsJnHiIA0-N500slRV,goods_search_result/원피스,app_page_view,,
2019-09-20 06:45:36.482,HcbOcyaoHQFvSJIkXYtMUyNN0OMSmUyj,shops_bookmark,app_page_view,,
2019-09-20 06:45:36.527,VhbRZSKjeyT0WlVjHrAv9h1GZ69DKSm8,shops_bookmark,app_page_view,,
2019-09-20 06:45:41.536,YvRGOECgBcKWqck24ukV67kWSTBWEuhf,shops_ranking,app_page_view,,
2019-09-20 06:45:44.023,MO1gctO2k1ZUKJni29y2BWDHwDu96Hjn,goods_search_result/청치마,app_page_view,,
2019-09-20 06:45:48.125,fAl0Uhkq65DwZieO30cTREz95WOF_VjX,my_goods,app_page_view,,
2019-09-20 06:45:48.593,6mM-y15MjooFtEtXel-GgoWw3HSvCMG9,shops_ranking,app_page_view,,
2019-09-20 06:45:48.936,cOKDJo4JM0F9dnxd02jaRWoQWlthoWWu,shops_ranking,app_page_view,,
2019-09-20 06:45:50.345,4nqg988GFxQp4LLbW5onMflj54WlJvra,shops_bookmark,enter_browser,2148,162
2019-09-20 06:45:52.137,4nqg988GFxQp4LLbW5onMflj54WlJvra,shops_bookmark,app_page_view,,
2019-09-20 06:45:53.021,MO1gctO2k1ZUKJni29y2BWDHwDu96Hjn,goods_search_result/청치마바지,app_page_view,,
2019-09-20 06:45:53.716,V5OSGbsarin_RZ4_r20Sex_pubDuv_xW,shops_bookmark,app_page_view,,
2019-09-20 06:45:54.338,mwlGYkWlmRkDhHt5YPUfnIjElXHl379z,shops_ranking,app_page_view,,
2019-09-20 06:45:57.411,qMmfx4Mi0Gn-nwfefxc-mTwoR4AhnoAc,shops_ranking,app_page_view,,
2019-09-20 06:45:58.876,cB4dxsuPcxDxlDnhM9D-VPb-45m_qOzr,my_goods,enter_browser,1792,51
2019-09-20 06:46:00.334,6mM-y15MjooFtEtXel-GgoWw3HSvCMG9,shops_ranking,app_page_view,,
2019-09-20 06:46:02.963,6mM-y15MjooFtEtXel-GgoWw3HSvCMG9,shops_ranking,enter_browser,,73
2019-09-20 06:46:04.254,Pnd57XayAdPWq5sF_5gNfUS7t8C1jwM_,goods_search_result/린넨 블라우스,app_page_view,,
2019-09-20 06:46:22.063,NdxTA3HuYYus6VzuR05Lo5aO6QckSq-0,category_search_result/바지,app_page_view,,
2019-09-20 06:46:40.992,Pnd57XayAdPWq5sF_5gNfUS7t8C1jwM_,category_search_result/상의,app_page_view,,
2019-09-20 06:46:41.077,Y7GdbrR_nHB3smnk-512KNFhg7oOir27,goods_search_result/우드귀걸이,app_page_view,,
2019-09-20 06:46:44.229,VhbRZSKjeyT0WlVjHrAv9h1GZ69DKSm8,category_search_result/원피스,app_page_view,,
2019-09-20 06:46:44.423,Pnd57XayAdPWq5sF_5gNfUS7t8C1jwM_,shops_ranking,app_page_view,,
2019-09-20 06:46:44.756,7H4aaixSHE7kteSdwlZlMat_RWvTbGGX,goods_search_result/체크 원피스,add_my_goods,3635,38
2019-09-20 06:46:44.977,Y7GdbrR_nHB3smnk-512KNFhg7oOir27,goods_search_result/우드귀걸이,enter_browser,4972,2
2019-09-20 06:46:46.116,L6Laz9y_SY8y2Ou6lsmwQlblj4OaTd58,shops_bookmark,app_page_view,,
2019-09-20 06:46:46.754,HcbOcyaoHQFvSJIkXYtMUyNN0OMSmUyj,my_goods,app_page_view,,
2019-09-20 06:46:49.802,L6Laz9y_SY8y2Ou6lsmwQlblj4OaTd58,my_goods,app_page_view,,
2019-09-20 06:46:50.601,7H4aaixSHE7kteSdwlZlMat_RWvTbGGX,goods_search_result/체크 원피스,app_page_view,,
2019-09-20 06:46:53.268,Y7GdbrR_nHB3smnk-512KNFhg7oOir27,goods_search_result/우드귀걸이,add_my_goods,4972,2
2019-09-20 06:46:54.371,7H4aaixSHE7kteSdwlZlMat_RWvTbGGX,goods_search_result/체크 원피스,enter_browser,3635,38
2019-09-20 06:46:57.999,7H4aaixSHE7kteSdwlZlMat_RWvTbGGX,goods_search_result/체크 원피스,app_page_view,,
2019-09-20 06:46:58.703,En6utKFVERr47idcV8npGWGQAyZTcre9,shops_bookmark,app_page_view,,
2019-09-20 06:47:00.624,Y7GdbrR_nHB3smnk-512KNFhg7oOir27,goods_search_result/우드귀걸이,app_page_view,,
2019-09-20 06:47:00.938,L6Laz9y_SY8y2Ou6lsmwQlblj4OaTd58,my_goods,enter_browser,3046,89
2019-09-20 06:47:05.784,7H4aaixSHE7kteSdwlZlMat_RWvTbGGX,my_goods,app_page_view,,
2019-09-20 06:47:06.350,L6Laz9y_SY8y2Ou6lsmwQlblj4OaTd58,my_goods,app_page_view,,
2019-09-20 06:47:07.167,YvRGOECgBcKWqck24ukV67kWSTBWEuhf,shops_ranking,app_page_view,,
2019-09-20 06:47:08.382,En6utKFVERr47idcV8npGWGQAyZTcre9,shops_bookmark,app_page_view,,
2019-09-20 06:47:08.589,YvRGOECgBcKWqck24ukV67kWSTBWEuhf,shops_ranking,add_bookmark,,187
2019-09-20 06:47:12.445,NdxTA3HuYYus6VzuR05Lo5aO6QckSq-0,category_search_result/스커트,app_page_view,,
2019-09-20 06:47:15.537,L6Laz9y_SY8y2Ou6lsmwQlblj4OaTd58,shops_bookmark,app_page_view,,
2019-09-20 06:47:21.497,CejSZfzOl1Rm4MXzWes2MVvl2Nq-srRF,shops_bookmark,app_page_view,,
2019-09-20 06:47:21.975,6mM-y15MjooFtEtXel-GgoWw3HSvCMG9,shops_ranking,app_page_view,,
2019-09-20 06:47:25.836,YvRGOECgBcKWqck24ukV67kWSTBWEuhf,shops_ranking,remove_bookmark,,187
2019-09-20 06:47:42.370,dQ3vQ6M-lYiXPO9eKKCAbS4YicRyD26N,shops_ranking,app_page_view,,
2019-09-20 06:47:44.988,Rvddt5YTyAGAIK1nnRAf4iuJOLlLQkL9,category_search_result/슈즈,add_my_goods,2298,74
2019-09-20 06:47:46.400,CejSZfzOl1Rm4MXzWes2MVvl2Nq-srRF,shops_bookmark,app_page_view,,
2019-09-20 06:47:50.689,R-_2OhffSP4pSRdILm4a8rs49Y6AJdjn,shops_ranking,app_page_view,,
2019-09-20 06:47:51.415,7H4aaixSHE7kteSdwlZlMat_RWvTbGGX,my_goods,enter_browser,1890,38
2019-09-20 06:47:57.613,fWxQs-T3XaRQ9AeTosq8Nq03HsRsE27D,goods_search_result/HK 원피스,app_page_view,,
2019-09-20 06:47:57.634,Pnd57XayAdPWq5sF_5gNfUS7t8C1jwM_,goods_search_result/셔츠,app_page_view,,
2019-09-20 06:48:08.733,qvwKqM7Y2p28YNhGwJOA9BdV21Qj27gE,shops_bookmark,app_page_view,,
2019-09-20 06:48:10.577,4NUdMNYzHaeVX4nixYGv5j9vHPgzaVqc,shops_bookmark,app_page_view,,
2019-09-20 06:48:11.331,CejSZfzOl1Rm4MXzWes2MVvl2Nq-srRF,shops_bookmark,app_page_view,,
2019-09-20 06:48:32.104,fWxQs-T3XaRQ9AeTosq8Nq03HsRsE27D,goods_search_result/HK 원피스,enter_browser,2881,88
2019-09-20 06:48:40.247,eQP3wwSLBEyfCNooJaquF8AdxkLjCqdC,my_goods,enter_browser,3844,14
2019-09-20 06:48:41.022,3LffzcWX3Za2XP6ukSgRXpoMEc4NjNWF,shops_bookmark,app_page_view,,
2019-09-20 06:48:41.401,eQP3wwSLBEyfCNooJaquF8AdxkLjCqdC,my_goods,app_page_view,,
2019-09-20 06:48:45.936,az0TriRoPMkOomMju2kw_LJmYi4V0BZF,category_search_result/원피스,app_page_view,,
2019-09-20 06:48:46.037,Rvddt5YTyAGAIK1nnRAf4iuJOLlLQkL9,category_search_result/슈즈,app_page_view,,
2019-09-20 06:48:48.830,6mM-y15MjooFtEtXel-GgoWw3HSvCMG9,shops_ranking,app_page_view,,
2019-09-20 06:48:49.418,mwlGYkWlmRkDhHt5YPUfnIjElXHl379z,shops_ranking,app_page_view,,
2019-09-20 06:48:51.955,6mM-y15MjooFtEtXel-GgoWw3HSvCMG9,shops_ranking,enter_browser,,125
2019-09-20 06:49:02.391,Pnd57XayAdPWq5sF_5gNfUS7t8C1jwM_,shops_ranking,app_page_view,,
2019-09-20 06:49:03.722,Pnd57XayAdPWq5sF_5gNfUS7t8C1jwM_,my_goods,app_page_view,,
2019-09-20 06:49:03.888,816ssNZ6GwpAJnUsFedsMlOSsnOaZ_wG,shops_ranking,app_page_view,,
2019-09-20 06:49:03.950,7FgP3uMMXBoh4rC5rHdLOhUzEmgL-SFa,shops_ranking,app_page_view,,
2019-09-20 06:49:05.018,7H4aaixSHE7kteSdwlZlMat_RWvTbGGX,my_goods,app_page_view,,
2019-09-20 06:49:06.691,YvRGOECgBcKWqck24ukV67kWSTBWEuhf,shops_ranking,app_page_view,,
2019-09-20 06:49:07.331,7H4aaixSHE7kteSdwlZlMat_RWvTbGGX,my_goods,enter_browser,3797,38
2019-09-20 06:49:07.398,Pnd57XayAdPWq5sF_5gNfUS7t8C1jwM_,my_goods,enter_browser,4638,6
2019-09-20 06:49:09.016,WG6Oefy48kNkba8dMZGd2mXB05opBLlX,shops_bookmark,app_page_view,,
2019-09-20 06:49:11.705,NdxTA3HuYYus6VzuR05Lo5aO6QckSq-0,category_search_result/스커트,app_page_view,,
2019-09-20 06:49:22.256,WdVnTIyhTj6ORilMKCHvYr5K6k3y2bmp,shops_ranking,app_page_view,,
2019-09-20 06:49:22.891,7H4aaixSHE7kteSdwlZlMat_RWvTbGGX,my_goods,app_page_view,,
2019-09-20 06:49:23.006,Ti4AIHvHwOPYy2sNcA2-f0N30Oo8BCCd,goods_search_result/원피스 수영복,app_page_view,,
2019-09-20 06:49:24.428,7FgP3uMMXBoh4rC5rHdLOhUzEmgL-SFa,category_search_result/바지,app_page_view,,
2019-09-20 06:49:26.949,Rvddt5YTyAGAIK1nnRAf4iuJOLlLQkL9,category_search_result/바지,app_page_view,,
2019-09-20 06:49:28.791,az0TriRoPMkOomMju2kw_LJmYi4V0BZF,category_search_result/원피스,enter_browser,4597,32
2019-09-20 06:49:31.442,4GrQDVKFuBwFaqNr4VXrSWqaQiWCNjWR,my_goods,app_page_view,,
2019-09-20 06:49:32.409,mwlGYkWlmRkDhHt5YPUfnIjElXHl379z,shops_ranking,enter_browser,3732,31
2019-09-20 06:49:37.164,YvRGOECgBcKWqck24ukV67kWSTBWEuhf,shops_ranking,app_page_view,,
2019-09-20 06:49:37.563,NdxTA3HuYYus6VzuR05Lo5aO6QckSq-0,category_search_result/원피스,app_page_view,,
2019-09-20 06:49:44.289,Ti4AIHvHwOPYy2sNcA2-f0N30Oo8BCCd,goods_search_result/원피스 수영복,enter_browser,5117,168
2019-09-20 06:49:47.380,FkDLAhsZNqyB-oGM3EUHQpUC7JBIAU4J,shops_bookmark,app_page_view,,
2019-09-20 06:50:00.839,816ssNZ6GwpAJnUsFedsMlOSsnOaZ_wG,category_search_result/상의,app_page_view,,
2019-09-20 06:50:06.646,6mM-y15MjooFtEtXel-GgoWw3HSvCMG9,shops_ranking,app_page_view,,
2019-09-20 06:50:07.261,dQ3vQ6M-lYiXPO9eKKCAbS4YicRyD26N,shops_bookmark,app_page_view,,
2019-09-20 06:50:08.536,Nc6EaBshfVFeXLM7NlHcVKKG5JfFpgUa,shops_ranking,app_page_view,,
2019-09-20 06:50:10.629,mT7W0kv5Q9AT9_cQ5QciqJ11ll3mBPBD,shops_bookmark,app_page_view,,
2019-09-20 06:50:12.298,4vjmCaFj17JYxKxLOCcGF2ms1EB8iFtm,goods_search_result/녹색,app_page_view,,
2019-09-20 06:50:13.274,JSOLg2JctMplV72sRCLlNMCj517LiDht,goods_search_result/점프수트,app_page_view,,
2019-09-20 06:50:14.269,az0TriRoPMkOomMju2kw_LJmYi4V0BZF,category_search_result/원피스,enter_browser,4372,32
2019-09-20 06:50:19.033,jWAVgkGE_liNYDBj49_DspdMJrPnEGcD,my_goods,app_page_view,,
2019-09-20 06:50:19.118,4vjmCaFj17JYxKxLOCcGF2ms1EB8iFtm,goods_search_result/연두,app_page_view,,
2019-09-20 06:50:22.280,jWAVgkGE_liNYDBj49_DspdMJrPnEGcD,my_goods,enter_browser,770,145
2019-09-20 06:50:36.802,qrr2P-d7S_A_t5uAE_UGZ9lBZIhUbi6j,my_goods,app_page_view,,
2019-09-20 06:50:42.454,WdVnTIyhTj6ORilMKCHvYr5K6k3y2bmp,shops_ranking,app_page_view,,
2019-09-20 06:50:46.185,SI5NAhR1YjUovKcM24r7WKO3xl1scPm8,shops_bookmark,app_page_view,,
2019-09-20 06:50:46.377,fWxQs-T3XaRQ9AeTosq8Nq03HsRsE27D,goods_search_result/HK 원피스,app_page_view,,
2019-09-20 06:50:49.714,6OUwcnzrZ5pPJZ4y_VbasWbFxXEjEDiE,shops_ranking,app_page_view,,
2019-09-20 06:50:55.847,fWxQs-T3XaRQ9AeTosq8Nq03HsRsE27D,goods_search_result/HK 원피스,enter_browser,6562,88
2019-09-20 06:51:02.430,hYF0k3kct052GjRM9OjJFXCD6MolQYOJ,goods_search_result/soulssa,app_page_view,,
2019-09-20 06:51:05.877,dQ3vQ6M-lYiXPO9eKKCAbS4YicRyD26N,shops_bookmark,app_page_view,,
2019-09-20 06:51:06.460,816ssNZ6GwpAJnUsFedsMlOSsnOaZ_wG,category_search_result/바지,app_page_view,,
2019-09-20 06:51:06.719,azUukXUZ0OZ7FqQVU4ZULhzrpApp6Sk-,my_goods,app_page_view,,
2019-09-20 06:51:07.138,mwlGYkWlmRkDhHt5YPUfnIjElXHl379z,shops_ranking,app_page_view,,
2019-09-20 06:51:08.821,gUNMlUjJdMrzfHWk0t7BFVlUC3lCVhlp,my_goods,app_page_view,,
2019-09-20 06:51:09.220,hYF0k3kct052GjRM9OjJFXCD6MolQYOJ,goods_search_result/솔싸,app_page_view,,
2019-09-20 06:51:09.909,dQ3vQ6M-lYiXPO9eKKCAbS4YicRyD26N,shops_bookmark,app_page_view,,
2019-09-20 06:51:10.285,ng5xjzxwQAKHuk5bXypqwMi_xAXEVeoe,shops_ranking,app_page_view,,
2019-09-20 06:51:13.012,hYF0k3kct052GjRM9OjJFXCD6MolQYOJ,shops_bookmark,app_page_view,,
2019-09-20 06:51:14.744,hYF0k3kct052GjRM9OjJFXCD6MolQYOJ,shops_ranking,app_page_view,,
2019-09-20 06:51:19.398,az0TriRoPMkOomMju2kw_LJmYi4V0BZF,goods_search_result/점퍼수트,app_page_view,,
2019-09-20 06:51:20.149,ng5xjzxwQAKHuk5bXypqwMi_xAXEVeoe,goods_search_result/3부청바지,app_page_view,,
2019-09-20 06:51:20.271,dQ3vQ6M-lYiXPO9eKKCAbS4YicRyD26N,goods_search_result/탑브라,app_page_view,,
2019-09-20 06:51:23.224,fWxQs-T3XaRQ9AeTosq8Nq03HsRsE27D,goods_search_result/HK 원피스,app_page_view,,
2019-09-20 06:51:24.734,p0hSaKt6SB7JMixFmJ2TD894gHXAcRbd,category_search_result/바지,app_page_view,,
2019-09-20 06:51:27.542,fWxQs-T3XaRQ9AeTosq8Nq03HsRsE27D,goods_search_result/HK 원피스,enter_browser,809,88
2019-09-20 06:51:28.592,fWxQs-T3XaRQ9AeTosq8Nq03HsRsE27D,goods_search_result/HK 원피스,app_page_view,,
2019-09-20 06:51:33.582,azUukXUZ0OZ7FqQVU4ZULhzrpApp6Sk-,my_goods,app_page_view,,
2019-09-20 06:51:37.422,fWxQs-T3XaRQ9AeTosq8Nq03HsRsE27D,goods_search_result/HK수입 원피스,app_page_view,,
2019-09-20 06:51:43.876,4NUdMNYzHaeVX4nixYGv5j9vHPgzaVqc,category_search_result/슈즈,app_page_view,,
2019-09-20 06:51:44.101,R-_2OhffSP4pSRdILm4a8rs49Y6AJdjn,shops_ranking,app_page_view,,
2019-09-20 06:51:46.438,fWxQs-T3XaRQ9AeTosq8Nq03HsRsE27D,goods_search_result/HK 수입 원피스,app_page_view,,
2019-09-20 06:51:51.522,dQ3vQ6M-lYiXPO9eKKCAbS4YicRyD26N,shops_bookmark,app_page_view,,
2019-09-20 06:51:51.775,az0TriRoPMkOomMju2kw_LJmYi4V0BZF,goods_search_result/점퍼수트,enter_browser,4453,145
2019-09-20 06:52:01.722,wvvLrXdlJBE2Afm5dy16PMaLV5u5TPTi,goods_search_result/에코백,enter_browser,1732,151
2019-09-20 06:52:04.852,FkDLAhsZNqyB-oGM3EUHQpUC7JBIAU4J,shops_bookmark,app_page_view,,
2019-09-20 06:52:11.555,dQ3vQ6M-lYiXPO9eKKCAbS4YicRyD26N,shops_bookmark,enter_browser,,32
2019-09-20 06:52:16.580,Ti4AIHvHwOPYy2sNcA2-f0N30Oo8BCCd,goods_search_result/원피스 수영복,app_page_view,,
2019-09-20 06:52:25.589,WdVnTIyhTj6ORilMKCHvYr5K6k3y2bmp,shops_ranking,app_page_view,,
2019-09-20 06:52:26.847,0kWYTXVESpS19o-n0orNiH80G2YeAm4f,my_goods,app_page_view,,
2019-09-20 06:52:33.468,gUNMlUjJdMrzfHWk0t7BFVlUC3lCVhlp,my_goods,app_page_view,,
2019-09-20 06:52:33.658,mROkzlnlAY6ppNp-tS7SxtzGtFRlgbAP,goods_search_result/펀칭가방,app_page_view,,
2019-09-20 06:52:34.935,fWxQs-T3XaRQ9AeTosq8Nq03HsRsE27D,goods_search_result/hk 원피스,app_page_view,,
2019-09-20 06:52:39.650,yZD-OWgr8aB7r36LCz5V8NWQ6cwW5oaM,shops_bookmark,app_page_view,,
2019-09-20 06:52:41.978,dQ3vQ6M-lYiXPO9eKKCAbS4YicRyD26N,shops_bookmark,add_my_goods,3374,32
2019-09-20 06:52:45.115,eQP3wwSLBEyfCNooJaquF8AdxkLjCqdC,my_goods,enter_browser,3994,14
2019-09-20 06:52:46.440,mZPXqEvhrKHz9PNlvzdfYmiiBcu7tdl2,shops_bookmark,app_page_view,,
2019-09-20 06:52:47.945,kBa29Tn7C65OltyjO0GZC-TkgR4XMZmv,goods_search_result/후드집업,app_page_view,,
2019-09-20 06:52:49.432,mROkzlnlAY6ppNp-tS7SxtzGtFRlgbAP,goods_search_result/펀칭가방,enter_browser,4102,142
2019-09-20 06:52:50.693,mZPXqEvhrKHz9PNlvzdfYmiiBcu7tdl2,category_search_result/바지,app_page_view,,
2019-09-20 06:52:51.116,az0TriRoPMkOomMju2kw_LJmYi4V0BZF,goods_search_result/점퍼수트,app_page_view,,
2019-09-20 06:52:52.170,dFiHto-o91G8z6BEM1zTxFyh__kbE2tC,shops_ranking,app_page_view,,
2019-09-20 06:52:52.350,wvvLrXdlJBE2Afm5dy16PMaLV5u5TPTi,goods_search_result/에코백,app_page_view,,
2019-09-20 06:52:55.201,6mM-y15MjooFtEtXel-GgoWw3HSvCMG9,shops_ranking,app_page_view,,
2019-09-20 06:52:59.262,wvvLrXdlJBE2Afm5dy16PMaLV5u5TPTi,goods_search_result/에코백,enter_browser,3701,129
2019-09-20 06:52:59.586,qMmfx4Mi0Gn-nwfefxc-mTwoR4AhnoAc,shops_ranking,app_page_view,,
2019-09-20 06:53:04.043,0kWYTXVESpS19o-n0orNiH80G2YeAm4f,goods_search_result/샌들,app_page_view,,
2019-09-20 06:53:06.710,Pnd57XayAdPWq5sF_5gNfUS7t8C1jwM_,my_goods,add_my_goods,2615,6
2019-09-20 06:53:07.496,Pnd57XayAdPWq5sF_5gNfUS7t8C1jwM_,my_goods,app_page_view,,
2019-09-20 06:53:07.574,p0hSaKt6SB7JMixFmJ2TD894gHXAcRbd,category_search_result/바지,app_page_view,,
2019-09-20 06:53:08.638,cOKDJo4JM0F9dnxd02jaRWoQWlthoWWu,shops_ranking,app_page_view,,
2019-09-20 06:53:10.815,YvRGOECgBcKWqck24ukV67kWSTBWEuhf,shops_ranking,app_page_view,,
2019-09-20 06:53:12.924,Pnd57XayAdPWq5sF_5gNfUS7t8C1jwM_,my_goods,enter_browser,2615,6
2019-09-20 06:53:17.583,eQP3wwSLBEyfCNooJaquF8AdxkLjCqdC,my_goods,app_page_view,,
2019-09-20 06:53:20.309,mEjnDMuwzgPgRP1rYyIFkkeiCPhH-F9n,my_goods,app_page_view,,
2019-09-20 06:53:20.315,R2fGh_bhsow3oGIaewkjUDy-4yADcx7T,my_goods,app_page_view,,
2019-09-20 06:53:20.458,kBa29Tn7C65OltyjO0GZC-TkgR4XMZmv,my_goods,app_page_view,,
2019-09-20 06:53:21.336,mT7W0kv5Q9AT9_cQ5QciqJ11ll3mBPBD,shops_bookmark,enter_browser,,185
2019-09-20 06:53:23.010,kBa29Tn7C65OltyjO0GZC-TkgR4XMZmv,my_goods,enter_browser,3061,60
2019-09-20 06:53:24.345,kBa29Tn7C65OltyjO0GZC-TkgR4XMZmv,my_goods,remove_my_goods,3061,60
2019-09-20 06:53:24.983,YvRGOECgBcKWqck24ukV67kWSTBWEuhf,shops_ranking,app_page_view,,
2019-09-20 06:53:25.335,kBa29Tn7C65OltyjO0GZC-TkgR4XMZmv,my_goods,app_page_view,,
2019-09-20 06:53:31.139,kBa29Tn7C65OltyjO0GZC-TkgR4XMZmv,shops_ranking,app_page_view,,
2019-09-20 06:53:32.086,kBa29Tn7C65OltyjO0GZC-TkgR4XMZmv,shops_bookmark,app_page_view,,
2019-09-20 06:53:32.103,YvRGOECgBcKWqck24ukV67kWSTBWEuhf,shops_ranking,app_page_view,,
2019-09-20 06:53:33.097,kBa29Tn7C65OltyjO0GZC-TkgR4XMZmv,shops_ranking,app_page_view,,
2019-09-20 06:53:38.523,mROkzlnlAY6ppNp-tS7SxtzGtFRlgbAP,goods_search_result/펀칭가방,app_page_view,,
2019-09-20 06:53:41.107,qMmfx4Mi0Gn-nwfefxc-mTwoR4AhnoAc,shops_ranking,app_page_view,,
2019-09-20 06:53:46.602,0kWYTXVESpS19o-n0orNiH80G2YeAm4f,goods_search_result/샌들,enter_browser,1592,113
2019-09-20 06:53:48.009,mROkzlnlAY6ppNp-tS7SxtzGtFRlgbAP,goods_search_result/펀칭가방,enter_browser,1248,95
2019-09-20 06:53:49.980,816ssNZ6GwpAJnUsFedsMlOSsnOaZ_wG,category_search_result/바지,enter_browser,3400,168
2019-09-20 06:53:51.851,0kWYTXVESpS19o-n0orNiH80G2YeAm4f,goods_search_result/샌들,add_my_goods,1592,113
2019-09-20 06:53:53.189,mROkzlnlAY6ppNp-tS7SxtzGtFRlgbAP,goods_search_result/펀칭가방,app_page_view,,
2019-09-20 06:53:53.371,ng5xjzxwQAKHuk5bXypqwMi_xAXEVeoe,goods_search_result/3부청바지,app_page_view,,
2019-09-20 06:53:54.261,mROkzlnlAY6ppNp-tS7SxtzGtFRlgbAP,goods_search_result/펀칭가방,enter_browser,1248,95
2019-09-20 06:53:55.439,hsfNN-5x5lxS3NXRkUAMPDS92nJupjgL,shops_ranking,app_page_view,,
2019-09-20 06:53:58.906,Pnd57XayAdPWq5sF_5gNfUS7t8C1jwM_,my_goods,app_page_view,,
2019-09-20 06:53:59.150,ng5xjzxwQAKHuk5bXypqwMi_xAXEVeoe,goods_search_result/3부청바지,enter_browser,1657,22
2019-09-20 06:54:02.553,Pnd57XayAdPWq5sF_5gNfUS7t8C1jwM_,my_goods,enter_browser,4638,6
2019-09-20 06:54:03.990,7FgP3uMMXBoh4rC5rHdLOhUzEmgL-SFa,category_search_result/바지,app_page_view,,
2019-09-20 06:54:07.385,kBa29Tn7C65OltyjO0GZC-TkgR4XMZmv,shops_bookmark,app_page_view,,
2019-09-20 06:54:07.637,mEjnDMuwzgPgRP1rYyIFkkeiCPhH-F9n,my_goods,app_page_view,,
2019-09-20 06:54:07.750,kBa29Tn7C65OltyjO0GZC-TkgR4XMZmv,shops_ranking,app_page_view,,
2019-09-20 06:54:13.155,Ti4AIHvHwOPYy2sNcA2-f0N30Oo8BCCd,goods_search_result/프릴 원피스 수영복,app_page_view,,
2019-09-20 06:54:18.128,YvRGOECgBcKWqck24ukV67kWSTBWEuhf,shops_ranking,app_page_view,,
2019-09-20 06:54:18.306,NdxTA3HuYYus6VzuR05Lo5aO6QckSq-0,category_search_result/원피스,enter_browser,6405,32
2019-09-20 06:54:18.865,X9nNV_VYXiOFubM0r856R-NbhTK1tDFv,goods_search_result/트레이닝,app_page_view,,
2019-09-20 06:54:21.316,qUE-nIf7MkmFxtLahcTUGPZbEAeNVzgv,shops_ranking,app_page_view,,
2019-09-20 06:54:23.132,qUE-nIf7MkmFxtLahcTUGPZbEAeNVzgv,shops_ranking,enter_browser,,52
2019-09-20 06:54:24.951,YvRGOECgBcKWqck24ukV67kWSTBWEuhf,shops_ranking,app_page_view,,
2019-09-20 06:54:25.473,yMI966P07A_Rop-ZWVXcB4550B5yFVdM,shops_bookmark,app_page_view,,
2019-09-20 06:54:29.102,kBa29Tn7C65OltyjO0GZC-TkgR4XMZmv,goods_search_result/후드집업,app_page_view,,
2019-09-20 06:54:30.650,ng5xjzxwQAKHuk5bXypqwMi_xAXEVeoe,goods_search_result/3부청바지,app_page_view,,
2019-09-20 06:54:30.972,hsfNN-5x5lxS3NXRkUAMPDS92nJupjgL,shops_ranking,enter_browser,3540,7
2019-09-20 06:54:36.862,az0TriRoPMkOomMju2kw_LJmYi4V0BZF,goods_search_result/점퍼수트,enter_browser,6320,30
2019-09-20 06:54:41.850,yMI966P07A_Rop-ZWVXcB4550B5yFVdM,shops_bookmark,enter_browser,6458,11
2019-09-20 06:54:44.206,mROkzlnlAY6ppNp-tS7SxtzGtFRlgbAP,goods_search_result/펀칭가방,app_page_view,,
2019-09-20 06:54:48.106,az0TriRoPMkOomMju2kw_LJmYi4V0BZF,goods_search_result/점퍼수트,app_page_view,,
2019-09-20 06:54:48.755,kBa29Tn7C65OltyjO0GZC-TkgR4XMZmv,goods_search_result/후드집업,enter_browser,1614,84
2019-09-20 06:54:48.755,mROkzlnlAY6ppNp-tS7SxtzGtFRlgbAP,goods_search_result/펀칭가방,enter_browser,3341,142
2019-09-20 06:54:51.030,NdxTA3HuYYus6VzuR05Lo5aO6QckSq-0,category_search_result/원피스,enter_browser,6404,32
2019-09-20 06:54:52.188,Ti4AIHvHwOPYy2sNcA2-f0N30Oo8BCCd,goods_search_result/홀터넥 원피스 수영복,app_page_view,,
2019-09-20 06:54:56.566,8qPdfSzqNAIpDB0vmMgYVzU0bBEJYXc9,goods_search_result/투피스,app_page_view,,
2019-09-20 06:54:57.094,azUukXUZ0OZ7FqQVU4ZULhzrpApp6Sk-,my_goods,app_page_view,,
2019-09-20 06:54:58.234,mEjnDMuwzgPgRP1rYyIFkkeiCPhH-F9n,category_search_result/상의,app_page_view,,
2019-09-20 06:55:00.268,0kWYTXVESpS19o-n0orNiH80G2YeAm4f,goods_search_result/샌들,app_page_view,,
2019-09-20 06:55:00.921,YvRGOECgBcKWqck24ukV67kWSTBWEuhf,shops_ranking,app_page_view,,
2019-09-20 06:55:04.475,4nqg988GFxQp4LLbW5onMflj54WlJvra,shops_bookmark,app_page_view,,
2019-09-20 06:55:09.773,qUE-nIf7MkmFxtLahcTUGPZbEAeNVzgv,shops_ranking,app_page_view,,
2019-09-20 06:55:11.080,Ti4AIHvHwOPYy2sNcA2-f0N30Oo8BCCd,goods_search_result/홀터넥 수영복,app_page_view,,
2019-09-20 06:55:11.321,qUE-nIf7MkmFxtLahcTUGPZbEAeNVzgv,shops_ranking,enter_browser,,52
2019-09-20 06:55:11.439,wvvLrXdlJBE2Afm5dy16PMaLV5u5TPTi,goods_search_result/에코백,add_my_goods,3701,129
2019-09-20 06:55:14.120,0kWYTXVESpS19o-n0orNiH80G2YeAm4f,my_goods,app_page_view,,
2019-09-20 06:55:15.779,0kWYTXVESpS19o-n0orNiH80G2YeAm4f,my_goods,enter_browser,1592,113
2019-09-20 06:55:23.640,LfmItVN7TfwMcFZBLMU3o9oyFnS08RbT,shops_ranking,app_page_view,,
2019-09-20 06:55:25.607,4nqg988GFxQp4LLbW5onMflj54WlJvra,shops_bookmark,app_page_view,,
2019-09-20 06:55:26.067,YvRGOECgBcKWqck24ukV67kWSTBWEuhf,shops_ranking,app_page_view,,
2019-09-20 06:55:28.702,Ti4AIHvHwOPYy2sNcA2-f0N30Oo8BCCd,goods_search_result/홀터넥 수영복,enter_browser,56,139
2019-09-20 06:55:32.299,YvRGOECgBcKWqck24ukV67kWSTBWEuhf,shops_ranking,app_page_view,,
2019-09-20 06:55:35.295,mROkzlnlAY6ppNp-tS7SxtzGtFRlgbAP,goods_search_result/펀칭가방,app_page_view,,
2019-09-20 06:55:36.830,4nqg988GFxQp4LLbW5onMflj54WlJvra,shops_bookmark,enter_browser,5265,136
2019-09-20 06:55:39.722,yMI966P07A_Rop-ZWVXcB4550B5yFVdM,shops_bookmark,app_page_view,,
2019-09-20 06:55:40.305,mROkzlnlAY6ppNp-tS7SxtzGtFRlgbAP,goods_search_result/펀칭가방,app_page_view,,
2019-09-20 06:55:41.363,KobCkYDdGWt5AyE9nJTEV7nvt-Ao0TXA,shops_bookmark,app_page_view,,
2019-09-20 06:55:41.614,kBa29Tn7C65OltyjO0GZC-TkgR4XMZmv,goods_search_result/후드집업,app_page_view,,
2019-09-20 06:55:45.548,Ti4AIHvHwOPYy2sNcA2-f0N30Oo8BCCd,goods_search_result/홀터넥 수영복,add_my_goods,56,139
2019-09-20 06:55:46.185,mROkzlnlAY6ppNp-tS7SxtzGtFRlgbAP,goods_search_result/펀칭가방,enter_browser,3576,72
2019-09-20 06:55:47.546,S9IjLbjS3OTydPYRLrTLQ2sY5rIBSkXX,shops_bookmark,app_page_view,,
2019-09-20 06:55:48.689,hsfNN-5x5lxS3NXRkUAMPDS92nJupjgL,shops_ranking,app_page_view,,
2019-09-20 06:55:54.251,Ti4AIHvHwOPYy2sNcA2-f0N30Oo8BCCd,goods_search_result/홀터넥 수영복,app_page_view,,
2019-09-20 06:55:55.447,7FgP3uMMXBoh4rC5rHdLOhUzEmgL-SFa,category_search_result/상의,app_page_view,,
2019-09-20 06:55:55.679,vT1TqsBO-KhE40XuA-tfA0cr-h2dGSzn,shops_ranking,app_page_view,,
2019-09-20 06:56:03.757,WdVnTIyhTj6ORilMKCHvYr5K6k3y2bmp,shops_ranking,app_page_view,,
2019-09-20 06:56:13.103,dd3myd21v1VmNRy6J-dF7C_qWNiAjigp,shops_ranking,app_page_view,,
2019-09-20 06:56:16.216,7FgP3uMMXBoh4rC5rHdLOhUzEmgL-SFa,category_search_result/상의,enter_browser,3899,45
2019-09-20 06:56:21.350,YvRGOECgBcKWqck24ukV67kWSTBWEuhf,shops_ranking,app_page_view,,
2019-09-20 06:56:23.790,S9IjLbjS3OTydPYRLrTLQ2sY5rIBSkXX,shops_bookmark,app_page_view,,
2019-09-20 06:56:23.994,C7j6KYJ_z3MjtCGLWzMmPD8YZm-TSP4B,goods_search_result/슬랙스,app_page_view,,
2019-09-20 06:56:24.274,WdVnTIyhTj6ORilMKCHvYr5K6k3y2bmp,shops_ranking,app_page_view,,
2019-09-20 06:56:27.136,vT1TqsBO-KhE40XuA-tfA0cr-h2dGSzn,shops_bookmark,app_page_view,,
2019-09-20 06:56:27.958,KjdhqR5ENM4-j9GCGTEBMCgAGK2aVgQP,shops_ranking,app_page_view,,
2019-09-20 06:56:31.062,E9whbiculhD97Gcww0h8Ad167ZkhvD_W,my_goods,app_page_view,,
2019-09-20 06:56:39.460,KjdhqR5ENM4-j9GCGTEBMCgAGK2aVgQP,shops_ranking,app_page_view,,
2019-09-20 06:56:39.820,dQ3vQ6M-lYiXPO9eKKCAbS4YicRyD26N,shops_bookmark,enter_browser,,32
2019-09-20 06:56:42.243,CR8p1kFaceIlcEpzdUyNiKVdJm2ImIFp,goods_search_result/오픈숄더원피스,app_page_view,,
2019-09-20 06:56:43.111,C7j6KYJ_z3MjtCGLWzMmPD8YZm-TSP4B,goods_search_result/슬랙스,enter_browser,6415,28
2019-09-20 06:56:43.365,YvRGOECgBcKWqck24ukV67kWSTBWEuhf,shops_ranking,app_page_view,,
2019-09-20 06:56:45.826,KjdhqR5ENM4-j9GCGTEBMCgAGK2aVgQP,shops_ranking,enter_browser,6132,14
2019-09-20 06:56:47.760,NgctPuZeG0-GQ4d0FYFbSlZIGzscQjOs,shops_bookmark,app_page_view,,
2019-09-20 06:56:49.063,6OUwcnzrZ5pPJZ4y_VbasWbFxXEjEDiE,shops_ranking,app_page_view,,
2019-09-20 06:56:49.635,816ssNZ6GwpAJnUsFedsMlOSsnOaZ_wG,category_search_result/바지,app_page_view,,
2019-09-20 06:56:51.922,4nqg988GFxQp4LLbW5onMflj54WlJvra,shops_bookmark,app_page_view,,
2019-09-20 06:56:54.982,Bc4gxAW07A2v3fvP2jITH-kyANv4krid,shops_bookmark,app_page_view,,
2019-09-20 06:56:55.045,YvRGOECgBcKWqck24ukV67kWSTBWEuhf,shops_ranking,app_page_view,,
2019-09-20 06:56:56.877,azUukXUZ0OZ7FqQVU4ZULhzrpApp6Sk-,my_goods,app_page_view,,
2019-09-20 06:56:59.232,4nqg988GFxQp4LLbW5onMflj54WlJvra,shops_bookmark,enter_browser,4552,120
2019-09-20 06:56:59.641,azUukXUZ0OZ7FqQVU4ZULhzrpApp6Sk-,shops_ranking,app_page_view,,
2019-09-20 06:57:06.056,cB4dxsuPcxDxlDnhM9D-VPb-45m_qOzr,my_goods,app_page_view,,
2019-09-20 06:57:06.434,azUukXUZ0OZ7FqQVU4ZULhzrpApp6Sk-,category_search_result/스커트,app_page_view,,
2019-09-20 06:57:11.487,qUE-nIf7MkmFxtLahcTUGPZbEAeNVzgv,shops_ranking,app_page_view,,
2019-09-20 06:57:18.986,CDUGpcwymi9d_cRXUH67_7J_vjmcQG26,goods_search_result/크롭,app_page_view,,
2019-09-20 06:57:19.882,fmvmI9_qPuVMROEvpipZaKpkZ9tkq_4U,my_goods,app_page_view,,
2019-09-20 06:57:32.136,g78xRFjQ1xx2uo4EEi_hJ4gZZ7AvMFz3,shops_ranking,app_page_view,,
2019-09-20 06:57:33.156,BV5vaVu0KOjDQ6DdRzQG92CHf8YW4q0l,category_search_result/상의,app_page_view,,
2019-09-20 06:57:33.602,g78xRFjQ1xx2uo4EEi_hJ4gZZ7AvMFz3,shops_bookmark,app_page_view,,
2019-09-20 06:57:33.977,qUE-nIf7MkmFxtLahcTUGPZbEAeNVzgv,shops_ranking,enter_browser,,52
2019-09-20 06:57:35.386,wvvLrXdlJBE2Afm5dy16PMaLV5u5TPTi,goods_search_result/에코백,app_page_view,,
2019-09-20 06:57:39.922,NdxTA3HuYYus6VzuR05Lo5aO6QckSq-0,category_search_result/원피스,app_page_view,,
2019-09-20 06:57:43.925,v57Y-wxBGjOEQT4uUP1yStc0dcMS8jQi,shops_bookmark,app_page_view,,
2019-09-20 06:57:46.088,vqVNsOhFo4-6kfaCU-yEFKavKeN2LRRq,my_goods,app_page_view,,
2019-09-20 06:57:55.875,fmvmI9_qPuVMROEvpipZaKpkZ9tkq_4U,shops_ranking,app_page_view,,
2019-09-20 06:57:57.932,fmvmI9_qPuVMROEvpipZaKpkZ9tkq_4U,category_search_result/상의,app_page_view,,
2019-09-20 06:57:59.126,w11CeIJ_y5Qpk3QuclE6L7d-wq-QfMh0,goods_search_result/바이올렛,app_page_view,,
2019-09-20 06:57:59.473,BV5vaVu0KOjDQ6DdRzQG92CHf8YW4q0l,category_search_result/원피스,app_page_view,,
2019-09-20 06:57:59.712,4NUdMNYzHaeVX4nixYGv5j9vHPgzaVqc,category_search_result/상의,app_page_view,,
2019-09-20 06:57:59.784,fmvmI9_qPuVMROEvpipZaKpkZ9tkq_4U,category_search_result/상의,app_page_view,,
2019-09-20 06:58:10.312,KjdhqR5ENM4-j9GCGTEBMCgAGK2aVgQP,shops_ranking,app_page_view,,
2019-09-20 06:58:12.298,Ti4AIHvHwOPYy2sNcA2-f0N30Oo8BCCd,shops_bookmark,app_page_view,,
2019-09-20 06:58:14.912,kBa29Tn7C65OltyjO0GZC-TkgR4XMZmv,goods_search_result/후드집업,app_page_view,,
2019-09-20 06:58:19.300,dQ3vQ6M-lYiXPO9eKKCAbS4YicRyD26N,shops_bookmark,app_page_view,,
2019-09-20 06:58:21.148,BV5vaVu0KOjDQ6DdRzQG92CHf8YW4q0l,category_search_result/슈즈,app_page_view,,
2019-09-20 06:58:21.197,qUE-nIf7MkmFxtLahcTUGPZbEAeNVzgv,shops_ranking,app_page_view,,
2019-09-20 06:58:22.815,w11CeIJ_y5Qpk3QuclE6L7d-wq-QfMh0,goods_search_result/보라,app_page_view,,
2019-09-20 06:58:23.299,wvvLrXdlJBE2Afm5dy16PMaLV5u5TPTi,goods_search_result/에코백,enter_browser,1797,138
2019-09-20 06:58:25.780,LfmItVN7TfwMcFZBLMU3o9oyFnS08RbT,shops_ranking,app_page_view,,
2019-09-20 06:58:32.003,vqVNsOhFo4-6kfaCU-yEFKavKeN2LRRq,goods_search_result/레터링스카프,app_page_view,,
2019-09-20 06:58:36.716,_iRDwXaL0pwPc7gxsC6x3D_jc7B-O1F2,category_search_result/상의,app_page_view,,
2019-09-20 06:58:44.578,LfmItVN7TfwMcFZBLMU3o9oyFnS08RbT,shops_ranking,enter_browser,5091,64
2019-09-20 06:58:48.559,YvRGOECgBcKWqck24ukV67kWSTBWEuhf,shops_ranking,app_page_view,,
2019-09-20 06:58:48.589,4NUdMNYzHaeVX4nixYGv5j9vHPgzaVqc,category_search_result/상의,enter_browser,5632,160
2019-09-20 06:58:54.211,YvRGOECgBcKWqck24ukV67kWSTBWEuhf,shops_bookmark,app_page_view,,
2019-09-20 06:58:58.851,LfmItVN7TfwMcFZBLMU3o9oyFnS08RbT,shops_ranking,app_page_view,,
2019-09-20 06:59:01.367,mROkzlnlAY6ppNp-tS7SxtzGtFRlgbAP,goods_search_result/펀칭가방,app_page_view,,
2019-09-20 06:59:10.060,ZZiwDJFOXyMn9vtZYBAAFCT4PV5GxjPc,shops_bookmark,app_page_view,,
2019-09-20 06:59:14.632,7H4aaixSHE7kteSdwlZlMat_RWvTbGGX,my_goods,app_page_view,,
2019-09-20 06:59:26.330,ZZiwDJFOXyMn9vtZYBAAFCT4PV5GxjPc,shops_bookmark,app_page_view,,
2019-09-20 06:59:27.379,athdDFgN4WljQkqkPivy5aiHUcNiohP2,shops_ranking,app_page_view,,
2019-09-20 06:59:28.222,_iRDwXaL0pwPc7gxsC6x3D_jc7B-O1F2,goods_search_result/브라탑,app_page_view,,
2019-09-20 06:59:29.104,LfmItVN7TfwMcFZBLMU3o9oyFnS08RbT,shops_ranking,enter_browser,4120,64
2019-09-20 06:59:32.896,S9IjLbjS3OTydPYRLrTLQ2sY5rIBSkXX,shops_bookmark,app_page_view,,
2019-09-20 06:59:34.000,cQpYRBdL8jUXjbR2BMZoer6ubAksCMF7,shops_ranking,app_page_view,,
2019-09-20 06:59:34.245,ng5xjzxwQAKHuk5bXypqwMi_xAXEVeoe,shops_ranking,app_page_view,,
2019-09-20 06:59:36.674,qrr2P-d7S_A_t5uAE_UGZ9lBZIhUbi6j,shops_bookmark,app_page_view,,
2019-09-20 06:59:37.856,YvRGOECgBcKWqck24ukV67kWSTBWEuhf,shops_bookmark,app_page_view,,
2019-09-20 06:59:40.680,KjdhqR5ENM4-j9GCGTEBMCgAGK2aVgQP,shops_ranking,app_page_view,,
2019-09-20 06:59:41.817,R2fGh_bhsow3oGIaewkjUDy-4yADcx7T,shops_bookmark,app_page_view,,
2019-09-20 06:59:43.116,R2fGh_bhsow3oGIaewkjUDy-4yADcx7T,my_goods,app_page_view,,
2019-09-20 06:59:45.524,azUukXUZ0OZ7FqQVU4ZULhzrpApp6Sk-,my_goods,app_page_view,,
2019-09-20 06:59:52.133,YvRGOECgBcKWqck24ukV67kWSTBWEuhf,shops_bookmark,app_page_view,,
2019-09-20 06:59:56.181,4nqg988GFxQp4LLbW5onMflj54WlJvra,shops_bookmark,app_page_view,,
